,date,category,title,company,url,text,tokenize,summary
0,20211026,정치,"중국 총리, 아세안에 ""남중국해 행동준칙 제정 서두르자""",디지털타임스,https://news.naver.com/main/read.naver?mode=LSD&mid=sec&sid1=100&oid=001&aid=0012749156,"중국-아세안 정상회의 연설 통해 촉구리커창 중국 총리[신화=연합뉴스 자료사진](베이징=연합뉴스) 조준형 특파원 = 리커창(李克强) 중국 총리는 26일 남중국해 문제 관련 '행동준칙'(COC) 제정을 위한 협상에 속도를 내자고 밝혔다.신화통신에 따르면 리 총리는 이날 영상으로 진행된 중국-아세안 정상회의에서 행한 연설을 통해 ""남중국해의 평화는 중국과 아세안의 공동 이익에 부합한다""며 하루빨리 COC 합의에 도달하자고 말했다.리 총리는 ""내년은 '남중국해 분쟁 당사국 행동선언'(DOC) 체결 20주년이 되는 해로 중국은 이를 계기로 아세안 국가들과의 실질적인 해양 협력을 확대하고 협상 과정을 가속화하기 위해 노력할 용의가 있다""며 ""하루빨리 COC의 결론을 내 남중국해를 평화, 우호, 협력의 바다로 만들자""고 밝혔다.중국과 아세안 국가들은 2002년 남중국해 영유권 분쟁을 막기 위해 DOC를 채택했다. 이어 선언의 구속력 있는 이행방안을 마련하기 위해 COC 제정을 위한 협상을 진행해왔다.리 총리는 ""중국은 확고하게 평화·발전의 길을 걷고 세계와 지역의 평화와 안정을 수호할 것""이라고 강조했다.jhcho@yna.co.kr","['중국', '아세안', '정상', '회의', '연설', '촉구', '리커창', '중국', '총리', '신화', '연합뉴스', '자료', '사진', '베이징', '연합뉴스', '조준형', '특파원', '리커창', '중국', '총리', '남중국해', '문제', '관련', '행동', '준칙', '제정', '협상', '속도', '신화', '통신', '리', '총리', '이날', '영상', '진행', '중국', '아세안', '정상', '회의', '연설', '남중국해', '평화', '중국', '아세안', '공동', '이익', '부합', '합의', '도달', '말', '리', '총리', '내년', '남중국해', '분쟁', '당사국', '행동', '선언', '체결', '해', '중국', '계기', '아세안', '국가', '실질', '해양', '협력', '확대', '협상', '과정', '가속', '노력', '용의', '결론', '남중', '국해', '평화', '우호', '협력', '바다', '중국', '아세안', '국가', '남중국해', '영유', '분쟁', '채택', '선언', '구속력', '이행', '방안', '마련', '제정', '협상', '진행', '리', '총리', '중국', '평화', '발전', '길', '세계', '지역', '평화', '안정', '수호', '강조']",리커창(李克强) 중국 총리는 26일 남중국해 문제 관련 '행동준칙'(COC) 제정을 위한 협상에 속도를 내자고 촉구하며 남중국해의 평화는 중국과 아세안의 공동 이익에 부합하며 COC 합의에 도달하자고 말했다.
1,20211026,정치,"[주목! 2022 대선공약] 김동연 ""공무원 정년 폐지·20% 감축, 公기관 일몰제""",KBS,https://news.naver.com/main/read.naver?mode=LSD&mid=sec&sid1=100&oid=029&aid=0002702906,"제20대 대선 예비후보인 김동연 전 경제부총리는 26일 ""공무원 철밥통을 깨고 유연한 정부를 만들겠다""며 대선 공약 1호로 공무원 개혁 구상을 발표했다.공직생활 34년 경력의 김 전 부총리는 이날 국회 소통관에서 기자회견을 열고 ""새로운 물결을 위한 첫 번째 공약은 공무원 기득권 깨기""라며 ""공직을 '관리직'과 '전문직'으로 나누고, 관리직은 정년을 폐지하겠다. 시험 한번으로 보장되는 공무원 정년을 폐지하겠다""고 밝혔다.김 전 부총리는 또 ""5급 행정고시를 폐지하고 현행 9등급인 공무원 직급을 6등급으로 축소하겠다""며 ""공무원 순혈주의를 청산하겠다""고 말했다. 그는 ""5급은 민간 경력직과 내부승진으로 충원하고 7급 채용을 확대하겠다""며 ""공직으로 입문 할 수 있는 기회의 문을 더 넓고, 고르게 열겠다""고 말했다. 아울러 ""7급과 9급 신규 채용에서 일정 비율을 지역·학력·계층 등을 고려해 사회적 약자에게 할당하겠다""고 했다.김 전 부총리는 공공부문 감축 구상으로 ""퇴직 공무원의 절반만 충원하는 등 공무원 20%를 감축하겠다. 생명·안전·건강·복지 분야는 유지하되, 규제 등 일반 행정 공무원 수는 과감히 줄이겠다""며 ""공무원 유지 재원은 청년과 일자리에 투자하겠다. 존립 목적을 다한 공공기관은 일몰제를 적용해 소멸시키겠다. 민간에 더 많은 기회를 공정하게 개방하겠다""고 했다.또한 '공공부문 부패 카르텔 척결'의 일환으로 관리직 출신의 공공기관장 임용 배제 등 관(官)피아·공(公)피아를 없애고, 전관 법조인의 사건 수임 제한 기한을 늘리는 등 사법계의 전관예우를 없애겠다는 공약도 내놨다.이 밖에 김 전 부총리는 △토지, 건축 등 인·허가 과정에 시민배심원제 도입 △판·검사의 판결과 구형 재량 대폭 축소 △부패공무원 가중처벌 △청와대·고위 공무원 퇴직 후 10년간 취업·소득 정보 공개 등을 약속했다.행정고시 26회 출신, 이른바 '늘공(직업 공무원을 지칭하는 속어)' 34년 경력의 대선주자이지만 김 전 부총리는 ""누구보다 공직 사회의 급소를 꿰뚫고 있다""고 자부했다. 그는 ""기득권 공화국을 기회의 나라로 만들겠다""며 지지를 호소했다.김동연 전 경제부총리가 26일 서울 여의도 국회 소통관 백브리핑장에서 공무원 개혁을 주제로 한 대선 1호 공약을 발표한 뒤 취재진 질문에 답하고 있다.국회사진기자단·연합뉴스","['대선', '예비', '후보', '김동연', '경제', '부총리', '공무원', '철', '밥통', '정부', '대선', '공약', '공무원', '개혁', '구상', '발표', '공직', '생활', '경력', '김', '부총리', '이날', '국회', '통관', '기자', '회견', '물결', '공약', '공무원', '기득', '공직', '관리직', '전문직', '관리직', '정년', '폐지', '시험', '보장', '공무원', '정년', '폐지', '김', '부총리', '급', '행정', '고시', '폐지', '현행', '공무원', '직급', '등급', '축소', '공무원', '순혈주의', '청산', '말', '급', '민간', '경력직', '내부', '승진', '충원', '급', '채용', '확대', '공직', '입문', '기회', '문', '말', '급과', '급', '신규', '채용', '일정', '비율', '지역', '학력', '계층', '고려', '사회', '약자', '할당', '김', '부총리', '공공', '부문', '감축', '구상', '퇴직', '공무원', '절반', '충원', '공무원', '감축', '생명', '안전', '건강', '복지', '분야', '유지', '규제', '일반', '행정', '공무원', '수', '공무원', '유지', '재원', '청년', '일자리', '투자', '존립', '목적', '공공', '기관', '일몰', '적용', '소멸', '민간', '기회', '공정', '개방', '공공', '부문', '부패', '카르텔', '척결', '일환', '관리직', '출신', '공공', '기관장', '임용', '배제', '공', '피아', '전관', '법조인', '사건', '수임', '제한', '기한', '사법계', '전관예우', '공약', '밖', '김', '부총리', '토지', '건축', '허가', '과정', '시민', '배심원', '도입', '판', '검사', '판결', '구형', '재량', '축소', '부패', '공무원', '가중', '처벌', '청와대', '고위', '공무원', '퇴직', '후', '간', '취업', '소득', '정보', '공개', '약속', '행정', '고시', '출신', '공', '직업', '공무원', '지칭', '속어', '경력', '대선', '주자', '김', '부총리', '공직', '사회', '급소', '자부', '기득', '공화국', '기회', '나라', '지지', '호소', '김동연', '경제', '부총리', '서울', '여의도', '국회', '통관', '브리핑', '장', '공무원', '개혁', '주제', '대선', '공약', '발표', '뒤', '취재진', '질문', '답', '국회', '사진', '기자단', '연합', '뉴스']","김동연 김동연 전 경제부총리는 26일 국회 소통관에서 기자회견을 열어 공무직을 '관리직'과 '전문직'으로 나누고, 관리직은 정년을 폐지하는 등 공무원 기득권 깨기를 위한 대선 공약 1호로 공무원 개혁 구상을 발표했다."
2,20211026,정치,쿠데타·5.18 가해 노태우…영욕의 인생 마무리,중앙일보,https://news.naver.com/main/read.naver?mode=LSD&mid=sec&sid1=100&oid=056&aid=0011144818,"[앵커]고 노태우 전 대통령은 전두환 씨와 함께 12·12 군사 쿠데타, 5·18 민주화운동 무력진압 가담을 이끈 인물입니다.동시에 민주화 열기 속에 부활한 직선제를 통해 선출된 대통령으로, 대한민국 현대사를 고스란히 보여주는 삶을 영위하기도 했습니다.노 전 대통령의 영면으로, 과거 한국 정치를 이끌었던 '1노(盧) 3김(金)' 시대는 막을 내리게 됐습니다.안다영 기자입니다.[리포트]노태우 전 대통령은 육사 동기 전두환의 12·12 쿠데타 당시, 결정적 기여를 하며 한국 정치사에 등장합니다.이후 전두환 정권의 2인자로 자리매김합니다.1987년 6월 민주화 항쟁 당시, 타도 대상이 됐지만, 민주화 열기에 밀려, 대통령 직선제 요구를 전격적으로 수용하는 6·29 선언을 발표합니다.[노태우/전 대통령 : ""국민의 뜻에 따르는 것 이것이 바로 민주주의 아닙니까?""]그리고 김영삼,김대중 후보 단일화가 무산된 와중에 '보통사람' 구호를 내걸고, 13대 대통령으로 당선됐습니다.16년 만에 국민이 직접 뽑은 대통령이었습니다.[노태우/전 대통령 : ""민주주의 시대를 활짝 열어 모든 국민의 잠재력을 꽃피우게 할 것입니다.""]재임 기간 추진한 북방 정책은 노 전 대통령의 대표적 성과로 꼽힙니다.러시아, 중국 등 공산국가와 국교를 수립해 북방 외교의 기틀을 마련했고, 이를 토대로 1991년 9월엔 남북한이 만장일치로 유엔에 가입하는 성과를 이루기도 했습니다.남북 화해와 불가침을 선언한 남북 기본합의서 채택으로 남북관계 개선의 기틀도 다졌습니다.[노태우/전 대통령 : ""이제 우리 민족의 운명을 남이 결정하던 타율의 시대는 끝났습니다.""]대통령이 될 수 있었던 배경은 퇴임 이후엔 부메랑이 됐습니다.4천억 원대 불법 비자금 조성 사실이 드러났고, 이후 12·12 쿠데타, 5·18 민주화 운동 무력 진압으로, 전두환 씨와 함께 구속됩니다.[노태우/전 대통령 : ""어떠한 처벌도 어떠한 돌팔매도 기꺼이 감수하겠습니다.""]징역 17년 형이라는 법의 심판을 받게 됐지만, 1997년, 당시 김영삼 대통령의 특별 사면 조치로 석방됐습니다.12·12와 5·18 무력진압의 실체에 대해서는 입을 열지 않았습니다.KBS 뉴스 안다영입니다.영상편집:최근혁","['앵커', '노태우', '대통령', '전두환', '군사', '쿠데타', '민주', '운동', '무력', '진압', '가담', '인물', '동시', '민주', '열기', '속', '부활', '직선제', '선출', '대통령', '대한민국', '현대사', '삶', '영위', '대통령', '영면', '과거', '한국', '정치', '노', '김', '시대', '막', '다영', '기자', '리포트', '노태우', '대통령', '육사', '동기', '전두환', '쿠데타', '당시', '결정', '기여', '한국', '정치사', '등장', '이후', '전두환', '정권', '인자', '자리매김', '민주', '항쟁', '당시', '타도', '대상', '민주', '열기', '대통령', '직선제', '요구', '전격', '수용', '선언', '발표', '노태우', '대통령', '국민', '뜻', '민주주의', '김영삼', '김대중', '후보', '단일', '무산', '와중', '보통', '사람', '구호', '대통령', '당선', '국민', '대통령', '노태우', '대통령', '민주주의', '시대', '국민', '잠재력', '재임', '기간', '추진', '북방', '정책', '노', '대통령', '대표', '성과', '힙', '니다', '러시아', '중국', '공산', '국가', '국교', '수립', '북방', '외교', '기틀', '마련', '토대', '남북한', '만장일치', '유엔', '가입', '성과', '남북', '화해', '불가침', '선언', '남북', '기본', '합의', '채택', '남북', '관계', '개선', '기틀', '노태우', '대통령', '민족', '운명', '남', '결정', '타율', '시대', '끝', '대통령', '배경', '퇴임', '이후', '부메랑', '불법', '비자금', '조성', '사실', '이후', '쿠데타', '민주', '운동', '무력', '진압', '전두환', '구속', '노태우', '대통령', '처벌', '돌팔매', '감수', '징역', '법', '심판', '당시', '김영삼', '대통령', '특별', '사면', '조치', '석방', '무력', '진압', '실체', '입', '뉴스', '다영', '영상', '편집', '최근혁']","80년 전두환 씨와 함께 12·12 군사 쿠데타, 5·18 민주화운동 무력진압 가담을 이끈 노태우 전 대통령은 퇴임 이후 민주화 열기 속에 부활한 직선제를 통해 선출된 대통령으로 대한민국 현대사를 고스란히 보여주는 삶을 영면했으며  대한민국 현대사를 고스란히 보여주는 삶을 영면했다."
3,20211026,정치,내일 국민의 힘 대선후보 강원권 토론회,머니투데이,https://news.naver.com/main/read.naver?mode=LSD&mid=sec&sid1=100&oid=056&aid=0011144810,"[KBS 강릉]국민의힘 대통령 선거 후보 선출을 위한 강원권 경선 토론회가 내일(27일) 오후 4시부터 1시간 반 동안 KBS 1텔레비전을 통해 강원도 전역에 방송됩니다.이번 토론회에는 원희룡, 유승민, 윤석열, 홍준표 후보 등 경선 후보 4명이 참석합니다.후보들은 이 자리에서 강원도 관련 공약과 남북관계에 대한 해법 등 각자의 정책을 제시할 전망입니다.","['강릉', '국민', '힘', '대통령', '선거', '후보', '선출', '강원', '경선', '토론회', '오후', '반', '동안', '텔레비전', '강원도', '전역', '방송', '이번', '토론회', '원희룡', '유승민', '윤석열', '홍준표', '후보', '경선', '후보', '참석', '후보', '자리', '강원도', '관련', '공약', '남북', '관계', '해법', '각자', '정책', '제시', '전망']","국민의힘 대통령 선거 후보 선출을 위한 강원권 경선 토론회가 내일(27일) 오후 4시부터 1시간 반 동안 KBS 1텔레비전을 통해 강원도 전역에 방송되며 이 자리에서 원희룡, 유승민, 윤석열, 홍준표 후보 등 경선 후보 4명이 참석하여 강원도 관련 공약과 남북관계에 대한 해법 등 각자의 정책을 제시할 전망이다."
4,20211026,정치,"[노태우 사망] 국가장·국립묘지, 文 결심은…靑 메시지 유보(종합)",MBC,https://news.naver.com/main/read.naver?mode=LSD&mid=sec&sid1=100&oid=001&aid=0012749151,"국가장 여부 국무회의서 결정…역대 사례처럼 대통령 직접 조문할까5·18 단체 등 진보진영, 국가장·국립묘지 부정적…유족은 파주 안장 언급문대통령, 언급없이 '신중'…국민정서 등 고민할 듯노태우 전 대통령 사망(서울=연합뉴스) 대한민국 제13대 대통령을 지낸 노태우 전 대통령이 26일 숨졌다.지병으로 오랜 병상 생활을 해온 노태우 씨는 최근 병세 악화로 서울대병원에 입원해 의료진의 집중 치료를 받았지만, 끝내 회복하지 못하고 삶을 마감했다. 2021.10.26 [연합뉴스 자료사진] photo@yna.co.kr(서울=연합뉴스) 임형섭 박경준 기자 = 26일 사망한 노태우 전 대통령의 장례절차나 국립묘지 안장 여부가 아직 정해지지 않은 가운데, 문재인 대통령이 이와 관련해 어떤 판단을 내릴지에 관심이 집중되고 있다.문 대통령이나 청와대로서는 전직 대통령에 대한 예우나 유족들의 바람, 국민정서 등 고려해야 할 사안이 많아 고민이 깊어질 것으로 보인다.문 대통령이 이날 별도의 메시지 없이 '침묵'을 지킨 것 역시 이처럼 복잡한 상황을 염두에 둔 것으로 풀이된다.이재명 대선후보와 차담하는 문재인 대통령(서울=연합뉴스) 최재구 기자 = 문재인 대통령이 26일 청와대 상춘재에서 더불어민주당 이재명 대선후보와 차담하고 있다. 2021.10.26 jjaeck9@yna.co.kr국가장 여부 문대통이 결심…진보진영 일부선 부정적 기류우선 노 전 대통령의 장례가 국가장으로 치러질지 여부는 조만간 열리는 임시 국무회의 심의와 문 대통령의 결정을 통해 가려진다.국가장법은 2조에서 전·현직 대통령이나 대통령 당선인이 사망 시 국가장을 치르도록 하고 있으며, 중대 범죄를 저질렀는지 여부에 대해서는 언급하지 않고 있다.유영민 대통령 비서실장 역시 이날 운영위 국감에서 ""국가장으로 장례를 치르는 것이 가능하다""며 ""다만 절차가 필요하다""고 말했다.유 실장이 말한 절차는 국가장법에 명시된 것으로, 여기에는 ""유족 등의 의견을 고려해 행정안전부 장관의 제청으로 국무회의의 심의를 마친 후 대통령이 결정한다""고 나와 있다.다만 더불어민주당 내 일부 의원들이나 전통적인 민주당 지지층인 진보진영을 중심으로는 국가장에 반대한다는 목소리도 나와 어떤 결론이 내려질지 주목된다.민주당 오기형 의원은 페이스북에 ""대한민국이 내란죄 주범을 국가장으로 치른다면 그것은 대한민국의 자기부정""이라고 말했다.대국민사과문 발표하는 노태우 전 대통령(서울=연합뉴스) 대한민국 제13대 대통령을 지낸 노태우 전 대통령이 26일 숨졌다.사진은 1995년 10월 27일 노태우 전 대통령이 서울 연희동 자택에서 대국민사과문을 발표하며 눈물을 훔치는 모습. 2021.10.26 [연합뉴스 자료사진] photo@yna.co.kr국립묘지 안장할지도 고민…유족은 파주 통일동산 염두국립묘지 안장 여부 역시 문 대통령이 주재하는 국무회의에서 어떻게 논의가 흘러가느냐가 핵심 변수가 될 수 있다.현행법상으로는 안장 대상이 되기 어렵다는 해석이 나오지만, 관례상 전직 대통령의 장례방법은 국가장법에 따라 결정됐다는 점에서 유연하게 결정될 여지가 있는 셈이다.오히려 고민이 되는 지점은 국가장 문제에서처럼 여권과 진보진영 일부에서 국립묘지 안장에 반대 의견을 뚜렷하게 내고 있다는 점이다.광주를 지역구로 둔 조오섭(북구갑)·윤영덕(동구남구갑) 의원은 이날 국회 기자회견에서 ""광주와 국민 앞에 진심 어린 사죄와 참회가 없는 찬탈자이자 학살의 책임자를 국립묘지에 안장한다면 후손에게 민주주의와 정의를 얘기할 수 없다""고 했다.5·18 유족회·부상자회·구속부상자회·기념재단 등 5·18 관련 단체는 성명을 내고 ""우리 사회는 재포장된 군부 독재의 역사가 아닌, 5·18에 대한 진상규명을 다시 조명해야 한다""며 국립묘지 안장에 반대했다.유족 측은 파주 통일동산을 거론하고 있다.유족 측은 이날 ""장례 절차는 정부와 협의 중이며, 장지는 이런 뜻을 받들어 재임시에 조성한 통일 동산이 있는 파주로 모시는 것을 협의 중""이라고 밝혔다.이에 대해 파주시 측은 정부와 시민의 뜻을 확인하고 판단을 내리겠다는 입장이다.국군보안사령관 노태우 대장 전역식(서울=연합뉴스) 대한민국 제13대 대통령을 지낸 노태우 전 대통령이 26일 숨졌다.사진은 1981년 국군보안사령관 노태우 대장 전역식. 2021.10.26 [연합뉴스 자료사진] photo@yna.co.kr문대통령 메시지 보류…靑, 신중론 속 국민정서 파악문 대통령과 청와대가 아직 노 전 대통령에 대한 추모 메시지를 내지 않고 있다는 점도 주목된다.청와대는 일단 이날은 노 전 대통령 서거에 대해 별도 언급을 하지 않고 대신 다음날 회의를 거쳐 메시지 방향을 논의하기로 했다.아직 유족들의 의견을 충분히 경청하지 못한 만큼 섣불리 대응을 하지 않겠다는 것이 청와대의 설명이다.이날 문 대통령과 민주당 이재명 대선후보의 차담, 한-아세안 화상정상회의, 국회 운영위 국정감사 등 굵직한 일정이 이어진 것 때문에 내부 의사결정이 늦어진 측면도 있다.나아가 이같은 신중론에는 이번 사안을 바라보는 국민 정서가 그만큼 복잡하다는 점을 고려, 최대한 신중하게 접근하면서 여론을 파악하겠다는 생각도 담긴 것으로 해석할 수 있다.문 대통령, 2022년도 예산안 시정연설(서울=연합뉴스) 전수영 기자 = 문재인 대통령이 25일 서울 여의도 국회 본회의장에서 2022년도 예산안 시정연설을 하고 있다. 2021.10.25 [국회사진기자단] swimer@yna.co.kr역대 사례, 현직 대통령 조문 다수…문대통령도 빈소 찾을까만일 장례절차가 시작되면 문 대통령이 직접 빈소를 조문하거나 영결식에 참석할지도 관심거리다.역대 사례를 봐도 전직 대통령의 서거 때에는 현직 대통령이 늘 빈소나 영결식을 찾아 애도를 표했다.2009년 5월 노무현 전 대통령 서거 시 이명박 당시 대통령은 봉하마을에 있는 노 전 대통령 분향소에 조문하려 했으나, 노 전 대통령 지지자들의 반대에 부딪히자 경복궁에서 거행된 영결식에 참석했다.이 전 대통령은 같은 해 8월 김대중 전 대통령이 서거했을 때에도 김윤옥 여사와 함께 국회에 마련된 빈소를 찾아 조문했다.2015년에는 김영삼 전 대통령이 서거하자, 박근혜 당시 대통령이 빈소가 차려진 서울대병원 장례식장을 찾아 고인을 애도했다.문 대통령 역시 전례에 따라 국가장이 치러진다면 장례식장을 찾을 가능성이 큰 것으로 보인다.다만 노태우 전 대통령의 경우 전직 대통령 예우가 박탈된 상태인데다, 문 대통령이 28일부터 유럽 순방이 예정돼 있어 영결식이 열리더라도 국내에 머무르지 않을 것이라는 점 등이 변수가 될 수 있다.hysup@yna.co.kr","['국가', '장', '여부', '국무', '회의', '결정', '역대', '사례', '대통령', '조문', '단체', '진보', '진영', '국가', '장', '국립묘지', '부정', '유족', '파주', '안장', '언급', '문', '대통령', '언급', '신중', '국민', '정서', '고민', '노태우', '대통령', '사망', '서울', '연합뉴스', '대한민국', '대통령', '노태우', '대통령', '지병', '병상', '생활', '노태우', '최근', '병세', '악화', '서울대', '병원', '입원', '의료진', '집중', '치료', '회복', '삶', '마감', '연합뉴스', '자료', '사진', '서울', '연합뉴스', '임형섭', '박경준', '기자', '사망', '노태우', '대통령', '장례', '절차', '국립묘지', '안장', '여부', '가운데', '문재', '대통령', '관련', '판단', '관심', '집중', '대통령', '청와대', '전직', '대통령', '예우', '유족', '바람', '국민', '정서', '고려', '사안', '고민', '대통령', '이날', '별도', '메시지', '침묵', '상황', '염두', '풀이', '이재명', '대선', '후보', '차담', '문재인', '대통령', '서울', '연합뉴스', '최재구', '기자', '문재', '대통령', '청와대', '춘재', '민주당', '이재명', '대선', '후보', '차담', '국가', '장', '여부', '문', '대통', '결심', '진보', '진영', '일부', '선', '부정', '기류', '노', '대통령', '장례', '국가', '장', '여부', '임시', '국무', '회의', '심의', '문', '대통령', '결정', '국가', '장법', '조', '현직', '대통령', '대통령', '당선인', '사망', '시', '국가', '장', '중대', '범죄', '여부', '언급', '유영민', '대통령', '비서', '실장', '이날', '운영', '위', '국감', '국가', '장', '장례', '가능', '절차', '필요', '말', '실장', '말', '절차', '국가', '장법', '명시', '유족', '의견', '고려', '행정', '장관', '제청', '국무', '회의', '심의', '후', '대통령', '결정', '민주당', '일부', '의원', '전통', '민주당', '지지층', '진보', '진영', '중심', '국가', '장', '반대', '목소리', '결론', '주목', '민주당', '오기형', '의원', '페이스북', '민국', '내란죄', '주범', '국가', '장', '대한민국', '부정', '말', '대국민', '사과문', '발표', '노태우', '대통령', '서울', '연합뉴스', '대한민국', '대통령', '노태우', '대통령', '사진', '노태우', '대통령', '서울', '연희동', '자택', '대국민', '사과문', '발표', '눈물', '모습', '연합뉴스', '자료', '사진', '국립묘지', '안장', '고민', '유족', '파주', '통일', '동산', '염두', '국립묘지', '안장', '여부', '문', '대통령', '주재', '국무', '회의', '논의', '핵심', '변수', '현행법', '안장', '대상', '해석', '관례', '전직', '대통령', '장례', '방법', '국가', '장법', '결정', '점', '결정', '고민', '지점', '국가', '장', '문제', '여권', '진보', '진영', '일부', '국립묘지', '안장', '반대', '의견', '점', '광주', '지역구', '조오섭', '북', '영덕', '동구', '남구', '갑', '의원', '이날', '국회', '기자', '회견', '광주', '국민', '앞', '진심', '사죄', '참회', '찬탈자', '학살', '책임자', '국립묘지', '안장', '후손', '민주주의', '정의', '얘기', '유족', '부상', '자회', '구속', '부상', '자회', '기념', '재단', '관련', '단체', '성명', '사회', '포장', '군부', '독재', '역사', '진상', '규명', '조명', '국립묘지', '안장', '반대', '유족', '파주', '통일', '동산', '거론', '유족', '이날', '장례', '절차', '정부', '협의', '장지', '뜻', '임시', '조성', '통일', '동산', '파주', '협의', '파주시', '정부', '시민', '뜻', '확인', '판단', '입장', '국군', '보안', '사령관', '노태우', '대장', '전역식', '서울', '연합뉴스', '대한민국', '대통령', '노태우', '대통령', '사진', '국군', '보안', '사령관', '노태우', '대장', '전역식', '연합뉴스', '자료', '사진', '문', '대통령', '메시지', '보류', '신중', '속', '국민', '정서', '파악', '문', '대통령', '청와대', '노', '대통령', '추모', '메시지', '점', '주목', '청와대', '이날', '노', '대통령', '서거', '별도', '언급', '대신', '다음', '날', '회의', '메시지', '방향', '논의', '유족', '의견', '경청', '대응', '청와대', '설명', '이날', '문', '대통령', '민주당', '이재명', '대선', '후보', '차담', '아세안', '화상', '정상', '회의', '국회', '운영', '위', '국정', '감사', '일정', '내부', '의사', '결정', '측면', '신중', '이번', '사안', '국민', '정서', '점', '고려', '최대한', '신중', '접근', '여론', '파악', '생각', '해석', '대통령', '예산안', '시정', '연설', '서울', '연합뉴스', '전수영', '기자', '문재', '대통령', '서울', '여의도', '국회', '회의장', '예산안', '시정', '연설', '국회', '사진', '기자단', '역대', '사례', '현직', '대통령', '조문', '다수', '문', '대통령', '빈소', '만일', '장례', '절차', '시작', '대통령', '빈소', '조문', '영결식', '참석', '관심', '역대', '사례', '전직', '대통령', '서거', '때', '현직', '대통령', '빈소', '영결식', '애도', '노무현', '대통령', '서거', '시', '이명박', '당시', '대통령', '봉하', '마을', '노', '대통령', '분향소', '조문', '노', '대통령', '지지자', '반대', '경복궁', '거행', '영결식', '참석', '전', '대통령', '해', '김대중', '대통령', '서거', '때', '김윤옥', '여사', '국회', '마련', '빈소', '조문', '김영삼', '대통령', '서거', '박근혜', '당시', '대통령', '빈소', '서울대', '병원', '장례식장', '고인', '애도', '대통령', '전례', '국가', '장', '장례식장', '가능', '노태우', '대통령', '경우', '전직', '대통령', '예우', '박탈', '상태', '대통령', '유럽', '순방', '예정', '영결식', '국내', '점', '변수']","대한민국 제1 제13대 대통령을 지낸 노태우 전 대통령이 26일 사망한 노태우 전 대통령의 장례절차나 안장 여부가 아직 정해지지 않은 가운데, 26일 사망한 노태우 전 대통령의 장례는 유족 등의 의견을 고려해 행정안전부 장관의 제청으로 국무회의의 심의를 마친 후 대통령이 결정하게 된다."
5,20211026,정치,"“아버지 뜻이다, 1000번이라도 사죄” 무릎꿇은 노태우 아들",YTN,https://news.naver.com/main/read.naver?mode=LSD&mid=sec&sid1=100&oid=025&aid=0003145683,"2020년 5월 29일 오전 광주 북구 국립 5·18민주묘지에서 노태우 전 대통령의 장남 재헌 씨가 묘소를 참배하고 있다. [국립 5·18민주묘지 제공=연합뉴스]26일 세상을 떠난 노태우 전 대통령의 아들 노재헌 동아시아문화센터 원장의 ‘사죄 행보’가 눈길을 끌고 있다. “아버지의 뜻”이라며 5‧18 광주 민주화 운동 진압에 대해 거듭 사죄하고 있다.노 원장은 지난 2019년 8월 23일 5·18 민주묘지를 찾아 참배하고 희생자들에 대해 사죄했다. 5‧18 진압과 관련해 ‘주요 책임자’로 지목된 노 전 대통령과 그 가족 중 처음으로 사죄한 것이었다.노 원장은 당시 방명록에 “삼가 옷깃을 여미며 5‧18 광주 민주화 운동 희생자 영령의 명복을 빕니다. 진심으로 희생자와 유가족분들에게 사죄드리며, 광주 5‧18 민주화 운동의 정신을 가슴 깊이 새기겠습니다”라고 적었다. 그러면서 희생자 묘역에 하얀 국화를 헌화하고 묘비 앞에서 무릎을 꿇었다. 노 원장은 “아버지가 5‧18 묘역에 가야 한다고, 내가 가야 한다는 얘기를 수차례 했다. 그래서 돌아가시기 전 내가 대신 다녀온 뒤 아버님께 말씀드리려고 온 것”이라고 말했다. 노 전 대통령은 지난 2002년 전립선 수술 이후 투병생활을 계속해왔다.같은 해 12월에는 5‧18 과정에서 사망하거나 구속, 또는 부상을 입은 피해자 가족인 여성들의 모임인 ‘오월어머니집’에 들러 정현애 이사장 등 피해 당사자를 만나 재차 사죄의 뜻을 전했다.노태우 전 대통령의 장남 재헌 씨가 2019년 8월 23일 오전 광주 북구 운정동 국립 5·18 민주묘지를 찾아 오월영령 앞에 사죄의 뜻을 밝히고 참배했다. [국립 5·18민주묘지관리소 제공=뉴시스]지난해 5월 29일에도 5‧18 민주묘지를 찾았다. 이때는 아버지인 노 전 대통령 명의의 조화를 헌화했다. 조화의 리본에는 ‘13대 대통령 노태우 5·18민주영령을 추모합니다’라는 글귀가 적혔다. 아울러 방명록에는 “5·18 광주민주화운동 40주년을 기리며 대한민국 민주화의 씨앗이 된 고귀한 희생에 고개 숙여 감사드립니다”라고 적었다.이날 노 원장은 인근 민족민주 열사 묘역에 안치된 이한열 열사의 묘도 참배했다. 이 열사의 묘에는 어머니 김옥숙 여사의 이름이 적힌 조화를 헌화했다. 노 원장은 지난 4월에도 5‧18 민주묘지를 찾았다고 한다.노 원장은 지난해 6월 23일 CBS 라디오 ‘김현정의 뉴스쇼’에 출연했을 때도 거듭 사죄했다. 그는 “아버지가 병상에 누우신 지 10년이 넘었고, 말씀과 거동을 전혀 못 하신 지도 꽤 오래됐다”면서 “언제 돌아가실지 모르는 상황이 오면서 참배하고 사죄의 행동을 해야겠다는 생각이 항상 있었고 저한테도 고스란히 마음의 짐이 됐다”고 말했다.그러면서 “(아버지는) 항상 5.18 얘기가 나올 때마다 정말 일어나서는 안 될 일이 일어난 부분에 대해 마음 아파하셨다”며 “치유와 화해에 조금이라도 도움이 된다면 100번이고 1000번이고 사과해야 하고 할 수 있다”고 밝혔다.노태우 전 대통령의 외아들인 노재헌 동아시아문화센터 원장이 지난 5월 25일 광주 동구 광주아트홀에서 5·18 민주화운동을 다룬 연극 '애꾸눈 광대' 관람을 마친 뒤 객석 일부에서 책임 있는 행동 등 부친의 진정성 있는 사죄가 먼저라는 항의가 터져 나오자 고개 숙이고 있다. 연합뉴스지난 5월 25일에는 광주에서 5‧18을 다룬 연극인 ‘애꾸눈 광대’를 관람했다. ‘애꾸눈 광대’는 5‧18 광주 민주화 운동에 참여했다가 한쪽 눈을 잃은 이지현 씨의 삶을 각색한 연극이다. 공연이 끝난 뒤 그는 객석 일부에서 터져 나오는 시민들의 항의를 받았다. 시민들이 고함을 치며 비난하자 그는 고개를 숙이고 사과했다. “본의 아니게 소란, 분란을 일으켜 죄송하다”고 했다. “연극을 보면서 그날의 아픔을 얼마나 헤아릴 수 있을지 가늠이 안 가지만, 슬픔을 아름다움으로 바꾸는 광주의 예술인, 그걸 성원하는 많은 분이 계셔서 가슴이 먹먹했다”고 소감을 밝히기도 했다.지난해 ‘월간중앙’과의 인터뷰에서 노 원장은 이처럼 말했다. “피해자와 유가족들이 ‘이제 됐다’고 말씀하실 때까지 무릎을 꿇겠다. 대한민국의 현실 정치에 참여할 생각이나 가능성은 1%도 없다.”","['오전', '광주', '북구', '국립', '민주', '묘지', '노태우', '대통령', '장남', '헌', '묘소', '참배', '국립', '민주', '묘지', '제공', '연합뉴스', '세상', '노태우', '대통령', '아들', '노재헌', '동아시아', '문화', '센터', '원장', '사죄', '행보', '눈길', '아버지', '뜻', '광주', '민주', '운동', '진압', '사죄', '노', '원장', '민주', '묘지', '참배', '희생자', '사죄', '진압', '관련', '주요', '책임자', '지목', '노', '대통령', '가족', '처음', '사죄', '노', '원장', '당시', '방명록', '옷깃', '광주', '민주', '운동', '희생자', '영령', '명복', '빕', '니다', '진심', '희생자', '유가족', '광주', '민주', '운동', '정신', '가슴', '희생자', '묘역', '국화', '헌화', '묘비', '앞', '무릎', '노', '원장', '아버지', '묘역', '얘기', '수차례', '대신', '뒤', '아버님', '말씀', '말', '대통령', '전립선', '수술', '이후', '투병', '생활', '계속', '해', '과정', '사망', '구속', '부상', '피해자', '가족', '여성', '모임', '오월', '어머니', '집', '정현애', '이사장', '피해', '당사자', '사죄', '뜻', '노태우', '대통령', '장남', '헌', '오전', '광주', '북구', '운정동', '국립', '민주', '묘지', '오월', '영령', '앞', '사죄', '뜻', '참배', '국립', '민주', '묘지', '관리', '제공', '뉴시스', '지난해', '민주', '묘지', '이때', '아버지', '노', '대통령', '명의', '조화', '헌화', '조화', '리본', '대통령', '노태우', '민주', '영령', '추모', '글귀', '방명록', '광주', '민주', '운동', '대한민국', '민주', '씨앗', '희생', '고개', '감사', '이날', '노', '원장', '인근', '민족', '민주', '묘역', '안치', '묘도', '참배', '열사', '묘', '어머니', '김옥숙', '여사', '이름', '조화', '헌화', '노', '원장', '민주', '묘지', '노', '원장', '지난해', '라디오', '김현정', '뉴스쇼', '출연', '때', '사죄', '아버지', '병상', '말씀', '거동', '지도', '상황', '참배', '사죄', '행동', '생각', '마음', '짐', '말', '아버지', '얘기', '때', '일', '부분', '마음', '치유', '화해', '조금', '도움', '사과', '노태우', '대통령', '외아들', '노재헌', '동아시아', '문화', '센터', '원장', '광주', '동구', '광주', '아트홀', '민주', '운동', '연극', '애꾸눈', '광대', '관람', '뒤', '객석', '일부', '책임', '행동', '부친', '사죄', '항의', '고개', '연합뉴스', '광주', '연극인', '애꾸눈', '광대', '관람', '애꾸눈', '광대', '광주', '민주', '운동', '참여', '한쪽', '눈', '이지현', '삶', '각색', '연극', '공연', '뒤', '객석', '일부', '시민', '항의', '시민', '고함', '비난', '고개', '사과', '본의', '소란', '분란', '연극', '그날', '아픔', '가늠', '슬픔', '광주', '예술', '성원', '가슴', '소감', '지난해', '월간중앙', '인터뷰', '노', '원장', '말', '피해자', '유가족', '말씀', '때', '무릎', '대한민국', '현실', '정치', '참여', '생각', '가능']",노태우 전 대통령의 장남 재헌 씨가 2019년 8월 23일 5·18 민주묘지를 찾아 참배하고 희생자들에 대해 사죄를 하였다. 
6,20211026,정치,"검찰, 곽상도 아들 '퇴직금' 동결…50억원 추징보전(종합2보)",YTN,https://news.naver.com/main/read.naver?mode=LSD&mid=sec&sid1=100&oid=001&aid=0012749149,"아들 병채씨 이름 계좌 10개 대상…법원서 공모 관계 인정법원 ""뇌물 등으로 불법 재산 취득""…김만배, 의혹 질문에 ""유언비어""'50억 퇴직금 의혹' 곽상도 의원 아들[연합뉴스 자료사진](서울=연합뉴스) 성도현 박재현 기자 = 대장동 개발 로비·특혜 의혹 사건을 수사 중인 검찰이 무소속 곽상도(62) 의원의 아들 병채(31)씨가 퇴직금과 위로금 등 명목으로 화천대유 측에서 받은 50억원을 처분하지 못하게 동결했다.법원은 곽 의원과 병채씨가 공모해 특정범죄가중처벌법상 뇌물죄 적용이 가능한 행위를 했다고 판단하고 곽 의원뿐만 아니라 병채씨에 대해서도 이런 결정을 내린 것으로 확인됐다.26일 법조계에 따르면 서울중앙지법은 최근 곽 의원과 병채씨의 재산 가운데 50억원을 한도로 하는 서울중앙지검 전담수사팀의 추징보전 청구를 받아들였다. 대상은 병채씨 명의 은행 계좌 10개다.추징보전은 범죄로 얻은 것으로 의심되는 수익을 피고인들의 유죄가 확정되기 전까지 동결시키는 절차다. 이번 조치에 따라 곽 의원과 병채씨는 범죄수익으로 추정되는 재산을 임의로 처분할 수 없다.법원은 병채씨 계좌에 현재 있는 금액 및 앞으로 입금될 예금채권을 합쳐 추징 예상 금액인 50억원에 이를 때까지의 금액에 대해 동결 조치할 수 있도록 했다.법원은 ""곽 의원은 정치자금법 위반 및 병채씨와 공모한 특정범죄가중처벌법상 뇌물 행위로 불법 재산을 얻었고, 이를 추징해야 할 경우에 해당한다고 볼 만한 상당한 이유가 있다""고 판단했다.또 ""향후 추징 재판을 집행할 수 없게 될 염려가 있거나 집행이 현저히 곤란하게 될 염려가 있다고 인정된다""며 '기소 전 추징보전'을 결정했다.무소속 곽상도 의원[연합뉴스 자료사진]검찰은 청와대 민정수석을 지낸 곽 의원이 2015년 6월 화천대유 대주주 김만배씨로부터 '대장동 사업에서 각종 법적 분쟁, 인허가 절차 해결 등을 도와주면 아들을 화천대유에 취업시키고, 향후 사업 이익금도 분배해 주겠다'는 제안을 받고 이를 수락한 것으로 의심하고 있다.이후 20019년∼2020년께 화천대유 및 관계사 천화동인 1∼7호에 수천억원대의 대장동 사업 이익이 배당됐다는 말을 듣고 병채씨를 통해 김씨에게 이익금 일부를 지급해 달라고 요구, 올 초 아들의 퇴직금·상여금 명목으로 50억원을 받은 것으로 보고 있다.검찰은 이런 식으로 곽 의원이 부정하게 정치자금을 기부받고, 병채씨와 공모해 국회의원의 직무에 관해 뇌물을 수수했다고 의심한다.하지만 곽씨는 최근 검찰 조사에서 ""아버지는 퇴직금에 대해 몰랐고, 일반인이 볼 땐 많은 액수이지만 회사에서 일하며 산재도 입어 위로금 명목이 더해진 것""이라는 취지로 진술한 것으로 전해졌다.김만배씨 역시 이날 검찰 조사를 마친 후 곽 의원과 대장동 이익금을 분배하기로 사전에 약속한 사실이 있는지를 묻는 취재진의 질문에 ""그것은 유언비어""라며 의혹을 부인했다. 곽 의원 아들을 화천대유에 취직시킨 것 역시 개발 이익을 분배하는 차원이 아니었다고 답했다.raphael@yna.co.kr","['아들', '병', '채', '이름', '계좌', '대상', '법원', '공모', '관계', '인정', '법원', '뇌물', '불법', '재산', '취득', '김만배', '의혹', '질문', '유언비어', '퇴직금', '의혹', '곽상도', '의원', '아들', '연합뉴스', '자료', '사진', '서울', '연합', '뉴스', '박재현', '기자', '대장동', '개발', '특혜', '의혹', '사건', '수사', '검찰', '소속', '곽상도', '의원', '아들', '병', '씨', '퇴직금', '위로금', '명목', '화천', '대유', '처분', '동결', '법원', '곽', '의원', '병', '채', '공모', '특정', '범죄', '중처', '벌', '법상', '뇌물죄', '적용', '가능', '행위', '판단', '곽', '의원', '병', '채', '결정', '확인', '법조', '서울', '중앙', '지법', '최근', '곽', '의원', '병', '채', '재산', '가운데', '도로', '서울', '중앙', '지검', '전담', '수사', '팀', '추징', '보전', '청구', '대상', '병', '채', '은행', '계좌', '추징', '보전', '범죄', '의심', '수익', '피고인', '유죄', '확정', '전', '동결', '절차', '이번', '조치', '곽', '의원', '병', '채', '범죄', '수익', '추정', '재산', '임의', '처분', '법원', '병', '채', '계좌', '금액', '앞', '입금', '예금', '채권', '추징', '예상', '금액', '때', '금액', '동결', '조치', '법원', '곽', '의원', '정치', '자금', '법', '위반', '병', '씨', '공모', '특정', '범죄', '중처', '벌', '법상', '뇌물', '행위', '불법', '재산', '추징', '경우', '해당', '상당', '이유', '판단', '향후', '추징', '재판', '집행', '염려', '집행', '곤란', '염려', '인정', '기소', '전', '추징', '보전', '결정', '소속', '곽상도', '의원', '연합뉴스', '자료', '사진', '검찰', '청와대', '민정', '수석', '곽', '의원', '화천', '대유', '대주주', '김만배', '대장동', '사업', '각종', '법', '분쟁', '인허', '절차', '해결', '아들', '화천', '대유', '취업', '향후', '사업', '익금', '분배', '제안', '수락', '의심', '이후', '화천', '대유', '관계', '화동', '대장동', '사업', '이익', '배당', '말', '병', '채', '김', '이익금', '일부', '지급', '요구', '아들', '퇴직금', '상여금', '명목', '검찰', '곽', '의원', '부정', '정치', '자금', '기부', '병', '씨', '공모', '국회의원', '직무', '뇌물', '수수', '의심', '곽', '최근', '검찰', '조사', '아버지', '퇴직금', '일반인', '액수', '회사', '일', '산재', '위로금', '명목', '취지', '진술', '김만배', '이날', '검찰', '조사', '후', '곽', '의원', '대장동', '이익금', '분배', '사전', '약속', '사실', '취재진', '질문', '유언비어', '의혹', '부인', '곽', '의원', '아들', '화천', '대유', '취직', '개발', '이익', '분배', '차원', '답']",서울중앙지 대장동 개발 로비·특혜 의혹 사건을 수사중인 검찰이 무소속 곽상도 의원의 아들 병채씨가 퇴직금과 위로금 등 명목으로 화천대유 측에서 받은 50억원을 처분하지 못하게 동결했으며 서울중앙지법은 최근 곽 의원과 병채씨가 공모해 특정범죄가중처벌법상 뇌물죄 적용이 가능한 행위를 했다고 판단하고 곽 의원뿐만 아니라 병채씨에 대해서도 추징보전 청구를 받아들였다.
7,20211026,정치,"홍준표 ""김종인 독대 요청 거절당했다는 건 거짓말…만날 생각 없다""",머니투데이,https://news.naver.com/main/read.naver?mode=LSD&mid=sec&sid1=100&oid=008&aid=0004661998,"홍준표 국민의힘 의원 /사진=홍봉진기자 honggga@국민의힘 대권주자인 홍준표 국민의힘 의원은 자신이 김종인 전 국민의힘 비대위원장에게 독대를 요청했다가 거절을 당했다는 윤석열 캠프 측의 언급에 '거짓말'이라는 취지로 해명했다.홍 의원은 26일 KBS라디오 '최영일의 시사본부' 인터뷰에서 ""윤석열 후보 측의 이상한 사람이 '홍 후보가 김종인하고 만나려고 했는데 거절당했다'라고 거짓말도 하더라""라고 말했다.홍 의원이 가리킨 '이상한 사람'은 윤석열 캠프의 대외협력특보인 김경진 전 의원을 가리킨다. 김 전 의원은 전날(25일) CBS라디오 '한판승부'에서 ""이건 확인은 안 해봤지만 확실한 루머로 홍준표 국민의힘 의원이 김 전 위원장에게 독대를 요청했는데 김 전 위원장이 거절을 했다고 하더라""라고 발언했다.홍 의원은 ""김 전 위원장은 경선에 관련 없고 도움을 받으면 영남 보수층들이 전부 싫어한다""며 ""그래서 김 전 위원장을 만날 필요도 없고 제가 만나자고 연락한 일도 없다""고 했다. 그러면서 ""참모들이 걱정되니까 만나보라고 계속 종용을 해도 경선에선 만날 생각이 없다""고 강조했다.홍 의원은 김 전 의원을 향해 ""김경진인가 검사까지 한 사람이 그런 거짓말로 떠들고 다니면 안된다""라며 ""양심의 문제""라고 했다.홍준표 캠프 측도 홍 의원의 독대 요청 사실이 없다면서 김 전 위원장을 만나는지 여부가 뉴스가 된다는 것 자체가 ""코메디""라고 말했다.홍준표 캠프 공동선대위원장인 조경태 국민의힘 의원은 이날 TBS라디오 '신장식의 신장개업'에서 진행자가 홍 의원이 김 전 위원장에게 독대를 요청한 사실이 있는지를 묻자 ""현재까지 확인한 바에 의하면 그런 사실이 없는 것으로 확인되고 있다""고 답했다.이어 ""김 전 위원장을 만나고 안 만나는 게 뉴스가 되는 것 자체가 코메디""라며 ""지금은 우리 당이 어떻게 하면 훨씬 더 나은 정치로 국민 삶을 윤택하게 하고, 복지가 완벽해질 수 있도록 하는 비전을 제시하기도 바쁠 텐데 어떤 특정인을 만나고 안 만나는 것 자체가 뉴스가 되는 게 상당히 좀 상식에서 벗어나지 않는가""라고 말했다.","['홍준표', '국민', '힘', '의원', '사진', '홍', '봉진', '기자', '국민', '힘', '대권', '주자', '홍준표', '국민', '힘', '의원', '자신', '김종인', '국민', '힘', '비대', '위원장', '독대', '요청', '거절', '윤석열', '캠프', '언급', '거짓말', '취지', '해명', '홍', '의원', '라디오', '최영일', '시사', '본부', '인터뷰', '윤석열', '후보', '이상', '사람', '홍', '후보', '김종인', '거절', '거짓말', '말', '홍', '의원', '이상', '사람', '윤석열', '캠프', '대외', '협력', '특보', '김경진', '의원', '김', '의원', '전날', '라디오', '한판', '승부', '확인', '루머', '홍준표', '국민', '힘', '의원', '김', '위원장', '독대', '요청', '김', '위원장', '거절', '발언', '홍', '의원', '김', '위원장', '경선', '관련', '도움', '영남', '보수', '김', '위원장', '필요', '연락', '일', '참모', '걱정', '종용', '경선', '생각', '강조', '홍', '의원', '김', '의원', '김경진', '검사', '사람', '거짓말', '양심', '문제', '홍준표', '캠프', '홍', '의원', '독대', '요청', '사실', '김', '위원장', '여부', '뉴스', '자체', '코메디', '말', '홍준표', '캠프', '공동', '선대', '위원장', '조경태', '국민', '힘', '의원', '이날', '라디오', '신장식', '신장개업', '진행자', '홍', '의원', '김', '위원장', '독대', '요청', '사실', '현재', '확인', '사실', '확인', '김', '위원장', '뉴스', '자체', '코메디', '당', '정치', '국민', '삶', '윤택', '복지', '완벽', '비전', '제시', '특정인', '자체', '뉴스', '상식', '말']","대권 대권주자인 홍준표 국민의힘 의원은 26일 KBS 라디오 '한판승부'에서 자신이 김종인 전 국민의힘 비대위원장에게 독대를 요청했다가 거절을 당했다는 윤석열 캠프 측의 발언에 대해 거짓말이라고 취지로 해명하고, 김 전 의원을 향해 '김경진인가 검사까지 한 사람이 그런 거짓말로 떠들고 다니면 안된다'는 의견을 피력했다."
8,20211026,정치,부적격 혈액 수혈 5년간 2만 8천 건...당사자 통보도 없어,연합뉴스,https://news.naver.com/main/read.naver?mode=LSD&mid=sec&sid1=100&oid=052&aid=0001657423,"동영상 뉴스[앵커]지난 2016년부터 5년 동안 수혈해서는 안 되는 혈액을 수혈한 경우가 2만 8천여 건이나 되는 것으로 드러났습니다.더 큰 문제는 수혈받은 당사자에게는 이런 사실이 통보조차 되지 않았다는 점입니다.또 적십자병원의 마약류 관리는 여전히 허술한 것으로 나타났습니다.이재윤 기자가 보도합니다.[기자]감사원의 대한적십자사에 대한 감사 결과 지난 2016년부터 5년 동안 대한적십자사 소속 각 혈액원에서 헌혈 받은 부적격 혈액은 3만 2천여 유닛(unit)입니다.이 가운데 88.5%가 걸러지지 않고 수혈된 것으로 확인됐습니다.하지만 수혈받은 사람에게 이 같은 사실을 통보한 것은 한 건도 없었습니다.지난 2016년 혈액관리법이 개정되면서 혈액원은 사고 발생 위험이 있거나 사고가 발생했을 때 수혈자에게 이를 통보해야 하는데도 전혀 지켜지지 않은 겁니다.부적격 혈액의 대부분(83%)은 말라리아 같은 풍토병 유행 지역을 여행하거나 거주한 사람들의 혈액이었지만, 일부(4.8%)는 B형 간염이나 인체면역결핍바이러스 HIV 같은 감염병 위험이 높은 혈액이었습니다.부적격 혈액을 수혈받은 사람들의 이상 여부는 확인하지 못하고 있습니다.적십자병원의 마약류 관리도 허술합니다.경북 상주 적십자병원은 향정신성 의약품인 프로포폴의 투약량을 환자마다 일률적으로 앰플 하나씩 처방했습니다.하지만 실제 사용량은 평균 40%에 그쳐, 이를 계산하면 2017년부터 4년 동안 6천 앰플이 남았을 것으로 추정됩니다.감사원은 불법 사용 여부는 확인하지 못했고 임의 폐기됐다고만 발표했습니다.서울 등 5개 적십자병원에선 휴가나 출장 중인 의사가 마약류의 원내처방전을 발행한 것이 45건에 달했습니다.전산시스템 인식번호인 ID를 공유해 사용했기 때문입니다.정확한 마약류 관리를 위해 전산처방시스템까지 도입했지만, 좀처럼 바뀌지 않는 관행 때문에 구멍은 여전한 것으로 나타났습니다.YTN 이재윤입니다.","['동영상', '뉴스', '앵커', '동안', '수혈', '혈액', '수혈', '경우', '문제', '수혈', '당사자', '사실', '통보', '적십자', '병원', '마약', '관리', '이재윤', '기자', '보도', '기자', '감사원', '적십자사', '감사', '결과', '동안', '적십자사', '소속', '혈액원', '헌혈', '부적격', '혈액', '유닛', '가운데', '수혈', '확인', '수혈', '사람', '사실', '통보', '혈액', '관리법', '개정', '혈액원', '사고', '발생', '위험', '사고', '발생', '때', '수혈', '통보', '부적격', '혈액', '대부분', '말라리아', '풍토병', '유행', '지역', '여행', '거주', '사람', '혈액', '일부', '간염', '인체', '면역', '결핍', '바이러스', '감염병', '위험', '혈액', '부적격', '혈액', '수혈', '사람', '이상', '여부', '확인', '적십자', '병원', '마약', '관리', '경북', '상주', '적십자', '병원', '향정', '신성', '의약품', '프로포폴', '투약', '량', '환자', '일률', '앰', '플', '처방', '실제', '사용량', '평균', '계산', '동안', '앰', '플', '추정', '감사원', '불법', '사용', '여부', '확인', '임의', '폐기', '발표', '서울', '적십자', '병원', '휴가', '출장', '의사', '마약', '원내', '처방전', '발행', '전산', '시스템', '인식', '번호', '공유', '사용', '마약', '관리', '전산', '처방', '시스템', '도입', '관행', '구멍', '재윤']","감사원의 대한적십자사 소속 각 혈액원에서 헌혈 받은 부적격 혈액의 88.5%가 걸러지지 않고 수혈된 것으로 확인되었으며, 적십자병원의 마약류 관리는 여전히 허술한 것으로 나타났다.
"
9,20211026,정치,"""과오에 대해 깊은 용서를"" 노태우 전 대통령 유언 공개",뉴시스,https://news.naver.com/main/read.naver?mode=LSD&mid=sec&sid1=100&oid=214&aid=0001156144,"사진제공 : 연합뉴스노태우 전 대통령의 유가족이 노 씨의 유언을 공개했습니다.유족들이 밝힌 유언에서 노 씨는 ""위대한 대한민국과 국민을 위해 봉사할 수 있어서 영광스러웠다""며 ""나름대로 최선의 노력을 다했지만 그럼에도 부족한 점과 과오에 대해 깊은 용서를 바란다""고 말했습니다.장례 절차와 관련해 유족들은 최대한 검소하게 치러달라는 고인의 뜻에 따라 재임 시 조성한 통일 동산이 있는 파주에 장지를 마련하는 방안을 정부와 협의 중이라고 전했습니다.","['사진', '제공', '연합뉴스', '노태우', '대통령', '유가족', '노', '유언', '공개', '유족', '유언', '노', '대한민국', '국민', '봉사', '영광', '최선', '노력', '부족', '점', '과오', '용서', '말', '장례', '절차', '관련', '유족', '최대한', '검소', '고인', '뜻', '재임', '시', '조성', '통일', '동산', '파주', '장지', '마련', '방안', '정부', '협의']",노태우 전 대통령의 유가족이 노태우 전 대통령의 유언을 공개하며 재임 시 조성한 통일 동산이 있는 파주에 장지를 마련하는 방안을 정부와 협의 중이라고 전하며 노 씨의 유언을 공개했다.
10,20211026,정치,"미, 4년만에 아세안과 정상회의…바이든, 1천190억원 지원약속",디지털타임스,https://news.naver.com/main/read.naver?mode=LSD&mid=sec&sid1=100&oid=001&aid=0012749147,"트럼프 재임 2017년이 마지막…화상회의에 군사정권 장악 미얀마 빠져아세안 화상정상회의에서 발언하는 조 바이든 미국 대통령(워싱턴 EPA=연합뉴스) 조 바이든 미국 대통령이 26일(현지시간) 아세안 정상들과 화상 회의에서 발언하고 있다. 2021. 10. 26. photo@yna.co.kr(워싱턴=연합뉴스) 김경희 특파원 = 조 바이든 미국 대통령은 26일(현지시간) 아세안(ASEAN·동남아시아국가연합) 정상들과 화상 회의를 하고 지역 발전을 위해 1억200만달러(한화 약 1천190억원)의 신규 지원을 약속했다.바이든 대통령은 모두 발언에서 ""우리의 지속적인 협력은 21세기 직면한 새로운 도전을 헤쳐나가는 데에 중요하다""며 ""신종 코로나바이러스 감염증(코로나19) 사태에 대응하고 사이버 안보를 강화하고 항해와 무역의 자유를 유지하는 새로운 기술을 만들어야 한다""고 강조했다.그는 ""미국이 아세안을 얼마나 중요하게 생각하는지 내 입을 통해 듣기를 바란다""며 ""우리의 협력 강화를 위해 1억달러 이상을 투자하는 새로운 프로그램을 출범하려 한다""고 발표했다.이어 ""아세안은 인도태평양 구상에 있어 핵심적""이라며 ""아세안은 역내 안보와 번영에 있어 탄성을 유지하는 핵심축(linchpin)""이라고 밝혔다.바이든 대통령은 또 ""아세안 국가들과 가치와 비전을 함께하며 나아가기를 원한다""며 ""모든 나라는 공평하게 경쟁해야 하고, 힘에 상관없이 법에 따라 지배받아야 한다""고 당부했다.백악관은 별도 자료를 통해 아세안에 대한 새 지원 프로그램을 공개, 1억200만달러 가운데 4천만달러(466억원)를 공공의료에 할당하고 기후 변화 대응에 2천50만달러(239억원)을 지원한다고 설명했다.바이든 대통령이 아세안 정상들과 머리를 맞대기는 이번이 처음이다.미국은 지난 2017년 도널드 트럼프 전 대통령 시절 마닐라에서 마지막으로 아세안 정상회의를 개최한 바 있다.바이든 행정부 출범 이후 대 중국 견제를 외교·안보의 최우선 순위에 올려놓고 인도태평양 지역에서 동맹 강화를 전방위로 추진하는 상황인 만큼 이번 회의에서도 관련 논의가 본격화할 전망이다.이번 회담에는 군사 정권이 장악한 미얀마는 배제됐다.kyunghee@yna.co.kr","['트럼프', '재임', '마지막', '화상', '회의', '군사', '정권', '장악', '미얀마', '아세안', '화상', '정상', '회의', '발언', '조', '바이든', '미국', '대통령', '워싱턴', '연합뉴스', '조', '바이든', '미국', '대통령', '현지', '시간', '아세안', '정상', '화상', '회의', '발언', '워싱턴', '연합뉴스', '김경희', '특파원', '조', '바이든', '미국', '대통령', '현지', '시간', '아세안', '동남아시아', '국가', '연합', '정상', '화상', '회의', '지역', '발전', '한화', '신규', '지원', '약속', '바이든', '대통령', '발언', '지속', '협력', '세기', '직면', '도전', '중요', '신종', '코로나', '바이러스', '감염증', '코로나', '사태', '대응', '사이버', '안보', '강화', '항해', '무역', '자유', '유지', '기술', '강조', '미국', '아세안', '중요', '생각', '입', '협력', '강화', '이상', '투자', '프로그램', '출범', '발표', '아세안', '인도', '태평양', '구상', '핵심', '아세안', '역내', '안보', '번영', '탄성', '유지', '핵', '심축', '바이든', '대통령', '아세안', '국가', '가치', '비전', '나라', '공평', '경쟁', '힘', '법', '지배', '당부', '백악관', '별도', '자료', '아세안', '지원', '프로그램', '공개', '가운데', '공공', '의료', '할당', '기후', '변화', '대응', '지원', '설명', '바이든', '대통령', '아세안', '정상', '머리', '이번', '처음', '미국', '도널드', '트럼프', '대통령', '시절', '마닐라', '마지막', '아세안', '정상', '회의', '개최', '바이든', '행정부', '출범', '이후', '중국', '견제', '외교', '안보', '최우선', '순위', '인도', '태평양', '지역', '동맹', '강화', '전방', '위', '추진', '상황', '이번', '회의', '관련', '논의', '본격', '전망', '이번', '회담', '군사', '정권', '장악', '미얀마', '배제']",조 바이든 미국 대통령이 26일(현지시간) 아세안(ASEAN·동남아시아국가연합) 정상들과 화상 회의를 하고 지역 발전을 위해 1억200만달러(한화 약 1천190억원)의 신규 지원을 약속하며 군사 정권이 장악한 미얀마는 배제하고 아세안에 대한 새 지원 프로그램을 공개했다.
11,20211026,정치,[나이트포커스] 청와대 국감도 '대장동 충돌',KBS,https://news.naver.com/main/read.naver?mode=LSD&mid=sec&sid1=100&oid=052&aid=0001657419,"동영상 뉴스■ 진행 : 이광연 앵커■ 출연 : 최창렬 용인대 교수, 이기재 동국대 겸임교수* 아래 텍스트는 실제 방송 내용과 차이가 있을 수 있으니 보다 정확한 내용은 방송로 확인하시기 바랍니다.[앵커]문재인 정부 청와대에 대한 마지막 국정감사장에서도 대장동 이슈가 화두였습니다. 한때 파행을 겪기도 했는데 여야 입장을 간단히 듣고 두 분께 질문드리도록 하겠습니다.[김성환 / 더불어민주당 의원 : (야당에서) 청와대와 관계없는 구호와 리본을 달고 국정감사에 임하는 것은 국민들 보기에도 바람직하지 않다고 생각합니다. 마스크와 리본을 제거하는 게 맞다고 보입니다.][김정재 / 국민의힘 의원 : 그 어떤 상임위에서도 이런 식의 문제 제기는 없었습니다. 지금 마지막 국감을 앞두고 이렇게 제거를 요구하는 여당 의원님의 요구는 좀 과하다는 생각이 들고….][앵커]지금 방금 김정재 의원이 쓰고 있는 이 마스크 때문인데 국민의힘은 지금까지 해온 방식대로 하겠다고 하고 있는 거고. 민주당은 마스크랑 근조 리본을 떼라. 이렇게 맞섰거든요.[최창렬]여당, 야당 할 것 없이 이슈가 있을 때 공세적인 입장에 있는 정당들이 항상 마스크를 많이 하고 그랬어요. 팻말도 들고 피켓도 들고 이랬기 때문에 저건 아까 여당 의원 말이 일리가 있죠. 굳이 마스크를 쓰고 저런 쪽의 정쟁을 유발할 필요는 없는데 여당도 마찬가지예요. 하고 왔으면 뭐 대장동 특검 관련이 요새 정치 이슈잖아요. 그러고 보다 하면 되는데 이걸 또 서로 싸우고 그러니까 참 국민들이 짜증이 나는 거예요. 서로 양쪽이 다 그래왔잖아요. 그런가 보다 하고 넘어가면 되는데. 그래서 청와대 국감 빨리 진행하면 되는데 그 문제 가지고 또 파행을 빚고 이런 것들은 역시 바람직하지 않아 보인다고 생각합니다.[앵커]지금 검찰에서는 대장동 이슈 관련 수사가 진행되고 있고 이렇게 야당은 끊임없이 특검을 요구하고 있는 상황인데 다음 주에는 국민의힘 후보도 확정이 될 테고요. 대선 국면이 본격화하면서 이 대장동 논란은 어디까지 이어질까요?[이기재]지금 계속 새로운 것들이 나오지 않습니까? 황무성 전 대표를 사퇴시키려고 압박했던 녹취록까지 나왔어요. 그래서 아무래도 이해당사자들이 워낙 많기 때문에 관련 증거들이 나올 거라고 보고 그러면 이재명 후보가 계속 사면초가에 몰릴 거라고 이렇게 생각하고요. 그리고 민주당 의원들이 자꾸 마스크조차도 예민한 게, 그 마스크에 써 있는 게 특검 수용하라는 거 아닙니까? 국민들의 특검 요구가 계속 높아지고 있어요. 왜냐하면 검찰이 수사를 하는 건지 안 하는 건지, 제대로 하는 거라고 생각이 안 드는 거죠. 그래서 이건 특검한테 맡길 수밖에 없다. 이런 국민적 요구가 높아지고 있기 때문에 증거들은 계속 나오는데 검찰이 수사하는 걸 보면 제대로 구속영장도 청구하지 못하고 있고 압수수색도 제대로 못하고 있고. 또 여러 가지 문제를 많이 드러내고 있다. 이런 측면에서 저는 빨리 특검을 수용해라 이렇게 그건 국민적 요구다, 이렇게 생각합니다.[앵커]대장동 의혹에 대해서 초점을 맞춰서 공세를 했거든요. 이 발언도 한번 잠깐 들어보도록 하겠습니다.[임이자 / 국민의힘 의원 : 실장님께서 대통령께 특검을 좀 해야 된다고 결단을 내리셔야 된다고 한번 요청을 해 보실 의향은 없으세요? 없죠?][유영민 / 청와대 비서실장 : 저희도 여러 가지 내부적으로 고민을 하고 있습니다. 여러 가지로 저희가 엄중하게 지켜보겠습니다.][앵커]앞서 이재명 후보와 대통령 차담에서도 대장동의 대자도 안 나왔다고 언급할 만큼 굉장히 신중한 입장을 취하고 있는데 청와대가. 이번에도 지금 대장동 의혹 관련해서 굉장히 비상식적으로 보고 있다라는 표현을 썼거든요.[최창렬]지난번에도 대통령도 엄중하게 지켜보고 있다, 청와대가 그런 메시지를 발신한 적이 있는데 특검 얘기 이건 검찰이 수사를 하고 있기 때문에 계속 특검 얘기해 봐야 민주당은 거의 100%, 99.9% 안 받아들일 것 같고. 또 검찰의 수사는 진행 중이니까 일단 지켜보고. 될 것 같지도 않단 말이에요. 지켜보고 정말 국민적... 국민의 여론이 특검을 해야 된다라는 여론이 높은 건 부인할 수 없는 거잖아요. 그게 있다면 여론의 향배는 있는 것이고. 검찰의 수사를 지켜보면서 미진하다고 그러면 민주당도 과감하게 특검 수용해야 돼요. 언제까지 계속 이렇게 이 문제를 가지고 특검을 거부하는 것처럼 얘기할 수는 없을 것 같아요. 왜냐하면 특검을 진행하면 시간이 너무 많이 걸린다고 하는데 여야가 합의를 해서 특검 임명하고 그러면 시간이 많이 안 걸릴 수도 있어요. 계속 검찰의 수사 가지고 자꾸만 여당이 떳떳하다면 특검에 대해서 너무 소극적으로 보이는 것도 맞지 않는 것 같고. 일단 제가 자꾸만 아까도 국가장 문제도 국민들의 여러 가지 합의가 중요하다고 말씀드린 것처럼 민주주의는 국민의 합의예요, 기본적으로. 그런 체제거든요. 특검에 대해서 이렇게 여론이 높다면 그거는 과감하게 전향적인 사고를 해라, 민주당도. 야당도 매일 특검 해라, 특검 해라 하는데 특검 받아들이지 않을 것 같고 국감에서 마스크 써서 저런 것도 문제가 될 것 같고. 여당도 당당하고 그렇다면. 당당하건 아니건 간에 진실을 밝히려면. 검찰이 뭔가 좀 이상하게 미심쩍다는 생각도 많이 하는 거 아닙니까? 진영에 따라서 그렇게 생각하지 않는 사람이 있다고 하더라도. 저는 그런 부분들을 과감하게 털어내기 위해서라도 특검 관련 완전히 털고 대선에 임하는 게 좋지 않겠는가 생각합니다.[앵커]지금 자막에도 국회 논의에 따라서 결단하겠다. 이런 말은 결국 국회에서 먼저 논의하라 이런 입장이거든요.[이기재]그런데 그건 민주당이 국회 다수 의석을 차지하고 있는데 청와대 입장에서는 지금 당에, 국회에 미루는 건데. 저는 청와대 입장에서는 당연히 그렇게 할 수 있다고 생각합니다. 문제는 정당에서, 민주당에서 특검을 수용해야 한다고 생각하고. 그동안 항상 이런 분란이 있을 때마다 특검으로 풀어왔었어요. 예를 들어서 이명박 전 대통령 같은 경우 내곡동 사저 관련해서도 다 특검했지 않습니까? 그리고 BBK 같은 경우도 결국 대통령 하고 이틀 전에 특검 통과됐었어요. 그래서 저는 특검 이거 어차피 해야 될 거니까 빨리 받아서 국민적 의혹을 해소해야 한다고 생각합니다.[앵커]오늘은 여기서 마치도록 하겠습니다. 최창렬 용인대 교수, 이기재 동국대 겸임교수 두 분과 함께했습니다. 고맙습니다.","['동영상', '뉴스', '진행', '광연', '앵커', '출연', '최창렬', '용인', '교수', '이기재', '동국', '겸임', '교수', '아래', '텍스트', '실제', '방송', '내용', '차이', '내용', '방송', '확인', '앵커', '문재', '정부', '청와대', '마지막', '국정', '감사장', '대장동', '이슈', '화두', '한때', '파행', '여야', '입장', '질문', '김성환', '민주당', '의원', '야당', '청와대', '관계', '구호', '리본', '국정', '감사', '국민', '생각', '마스크', '리본', '제거', '김정재', '국민', '힘', '의원', '상임위', '문제', '제기', '마지막', '국감', '제거', '요구', '여당', '의원', '요구', '생각', '앵커', '김정재', '의원', '마스크', '국민', '힘', '지금', '방식', '민주당', '마스크', '근조', '리본', '최창렬', '여당', '야당', '이슈', '때', '공세', '입장', '정당', '마스크', '팻말', '피켓', '여당', '의원', '말', '일리', '마스크', '정쟁', '유발', '필요', '여당', '마찬가지', '대장동', '특검', '관련', '정치', '이슈', '국민', '짜증', '양쪽', '청와대', '국감', '진행', '문제', '파행', '생각', '앵커', '검찰', '대장동', '관련', '수사', '진행', '야당', '특검', '요구', '상황', '다음', '주', '국민', '힘', '후보', '확정', '대선', '국면', '본격', '대장동', '논란', '이기재', '황무성', '대표', '사퇴', '압박', '녹', '취록', '이해', '당사자', '관련', '증거', '이재명', '후보', '사면초가', '생각', '민주당', '의원', '마스크', '마스크', '특검', '수용', '국민', '특검', '요구', '검찰', '수사', '생각', '특검', '국민', '요구', '증거', '검찰', '수사', '구속', '영장', '청구', '압수수색', '문제', '측면', '특검', '수용', '국민', '요구', '생각', '앵커', '대장동', '의혹', '초점', '공세', '발언', '임이자', '국민', '힘', '의원', '실장', '대통령', '특검', '결단', '요청', '의향', '유영민', '청와대', '비서', '실장', '내부', '고민', '엄중', '앵커', '이재명', '후보', '대통령', '차담', '대장동', '대자', '언급', '신중', '입장', '청와대', '이번', '대장동', '의혹', '관련', '비상식', '표현', '최창렬', '지난번', '대통령', '엄중', '청와대', '메시지', '발신', '특검', '얘기', '검찰', '수사', '특검', '얘기', '민주당', '검찰', '수사', '진행', '말', '국민', '국민', '여론', '특검', '여론', '부인', '여론', '향배', '검찰', '수사', '민주당', '특검', '수용', '문제', '특검', '거부', '얘기', '특검', '진행', '시간', '여야', '합의', '특검', '임명', '시간', '검찰', '수사', '여당', '특검', '소극', '국가', '장', '문제', '국민', '합의', '중요', '말씀', '민주주의', '국민', '합의', '기본', '체제', '특검', '여론', '전향', '사고', '민주당', '야당', '특검', '특검', '특검', '국감', '마스크', '문제', '여당', '진실', '검찰', '이상', '생각', '진영', '생각', '사람', '부분', '특검', '관련', '대선', '생각', '앵커', '자막', '국회', '논의', '결단', '말', '결국', '국회', '논의', '입장', '이기재', '민주당', '국회', '다수', '석', '차지', '청와대', '입장', '당', '국회', '청와대', '입장', '생각', '문제', '정당', '민주당', '특검', '수용', '생각', '그동안', '분란', '때', '특검', '예', '이명박', '대통령', '경우', '내곡동', '사저', '관련', '특검', '경우', '결국', '대통령', '이틀', '전', '특검', '통과', '특검', '국민', '의혹', '해소', '생각', '앵커', '오늘', '최창렬', '용인', '교수', '이기재', '동국', '겸임', '교수', '분과']","문재인 정부 청와대 국정감사에서 민주당을 중심으로 대장동 이슈가 화두인 가운데 야당이 청와대와 관계없는 구호와 리본을 달고 국정감사에 임하는 것은 바람직하지 않다며 비판하고 나섰고 청와대와 관계없는 구호와 리본을 달고 국정감사에 임하는 것은 바람직하지 않다고 청와대와 관계없는 구호와 리본을 달고 국정감사에 임하는 것은 국민들 보기에도 바람직하지 않다고 말했다.
"
12,20211026,정치,"靑 ""대장동 의혹, 굉장히 비상식적…특검은 국회 논의따라 결단""(종합)",중앙일보,https://news.naver.com/main/read.naver?mode=LSD&mid=sec&sid1=100&oid=003&aid=0010793908,"기사내용 요약국회 운영위, 대통령비서실·경호처·안보실 국감""부동산, 우리 정부서 가장 아픈 곳…끝까지 최선""""이재명, 대선후보로 만나…수사대상인지 알지 못해""""노태우, 국가장 대상이지만…여러가지 고려해 논의""[서울=뉴시스] 전신 기자 = 유영민 대통령 비서실장이 26일 서울 여의도 국회에서 열린 운영위원회의 대통령비서실, 국가안보실, 대통령경호처 국정감사에서 의원 질의에 답변하고 있다. (공동취재사진) 2021.10.26. photo@newsis.com[서울=뉴시스] 안채원 기자 = 유영민 청와대 비서실장은 26일 대장동 개발을 둘러싼 여러 의혹과 관련해 ""청와대도 굉장히 비상식적으로 봤다""고 밝혔다.유 실장은 이날 오후 국회 운영위원회 대통령비서실 국정감사에 출석해 대장동 개발 사업에서 민간개발 업자들이 얻은 이득 등을 지적한 이영 국민의힘 의원의 관련 질의에 이같이 답한 뒤 ""(그렇기 때문에) 처음에 '엄중하게 지켜보고 있다'고 말했다""고 했다. 청와대는 지난 5일 ""엄중하게 생각하고 지켜보고 있다""며 대장동 의혹 관련 첫 입장을 밝힌 바 있다.유 실장은 대장동 의혹이 부동산 문제와 관련돼 있다며 ""국민들의 분노가 있을 거고 그래서 (문 대통령이 철저하고 신속한 수사) 지시도 내렸고 지켜보고 있다""고 설명하고, ""지금 부동산이 우리 정부에서 가장 아픈 곳이기도 하기 때문에 끝까지 굉장히 최선을 다해야 될 부분""이라고 강조했다.국민의힘의 '대장동 특검' 요청에는 수사가 우선돼야 한다는 점을 전제로 ""국회에서 논의를 해달라""며 ""논의 중인 결과에 따라 결단을 내리겠다""고 원론적인 입장을 밝혔다.야당이 검찰과 경찰의 수사가 미진하다며 문 대통령의 '레임덕(임기 말 권력누수 현상)'으로 '철저하고 신속하게 수사하라'는 지시가 이뤄지지 않는 것 아니냐고 공세를 이어가자, 유 실장은 ""전체적으로 (검찰과 경찰이) 열심히, 잘하고 있다고 생각하지만, 대통령이 말한 대로 제대로 잘 움직이고 있는지 다시 한번 판단해보도록 하겠다""고 했다.[서울=뉴시스] 전신 기자 = 유영민 대통령 비서실장이 26일 서울 여의도 국회에서 열린 운영위원회의 대통령비서실, 국가안보실, 대통령경호처 국정감사에서 의원 질의에 답변하고 있다. (공동취재사진) 2021.10.26. photo@newsis.com유 실장은 문 대통령과 이재명 더불어민주당 대선 후보의 회동이 적절하지 않았다는 야당의 지적에는 적극 반박했다.'문 대통령이 대장동 관련 수사 대상인 이 후보를 만난 것은 부적절하다'는 취지의 비판에 유 실장은 ""(이 후보가 대장동 의혹 관련) 수사 대상인지, 피의자인지 알지 못한다""며 ""여당의 대선후보로서 관례에 따라 요청해 만난 것""이라고 설명했다.문 대통령과 이 후보 간 회동이 대장동 의혹 관련 수사에 영향을 줄 수 있다는 우려에 대해선 ""오늘 만난 것 자체가 검찰이나 경찰에 가이드라인, 또는 수사 지침인지는 거기에 물어보라""고 불쾌감을 표현하며 ""청와대는 그런 부분을 굉장히 유의하고 있다""고 했다.유 실장은 노태우 전 대통령의 국가장 여부, 전국민주노동조합총연맹 총파업 등 현안에 관해서도 입장을 밝혔다.유 실장은 노태우 전 대통령의 장례식 관련 ""현재로서는 국가장(國家葬) 대상이지만, 절차가 필요하다""며 ""(노 전 대통령이 내란죄와 비자금 조성 등 혐의로 유죄) 선고를 받았지만, 법에는 사면 복권이나 예우 박탈 등을 국가장 시행의 제한 사유로 명시를 해놓지 않았다""고 전했다.이어 ""국민 수용성 등 여러가지를 고려한 정무적 판단도 필요할 수 있을 것 같다""며 ""절차에 따라 (노 전 대통령의 국가장 여부를 놓고) 내부 논의를 하겠다""고 밝혔다.지난 20일 민주노총이 개최한 전국 파업 대회를 두고는 ""불법 파업으로 판단하고 있다""고 말했고, 지난 7월 이뤄진 대통령 경호처의 신임 직원 '힐링캠프'이 부적절했다는 야당의 지적에는 ""당시엔 방역법상 문제가 없었다""면서도 ""국민의 눈높이 정서로 볼 때는 분명히 적절하지 않았다고 생각한다""고 했다．","['기사', '내용', '요약', '국회', '운영', '위', '대통령', '비서실', '경호', '처', '국감', '부동산', '정부', '곳', '끝', '최선', '재명', '대선', '후보', '수사', '대상', '노태우', '국가', '장', '대상', '고려', '논의', '서울', '뉴시스', '전신', '기자', '유영민', '대통령', '비서', '실장', '서울', '여의도', '국회', '운영', '위원회', '대통령', '비서실', '국가', '대통령', '경호', '처', '국정', '감사', '의원', '질의', '답변', '공동', '취재', '사진', '서울', '뉴시스', '안', '채원', '기자', '유영민', '청와대', '비서', '실장', '대장동', '개발', '의혹', '관련', '청와대', '비상식', '실장', '이날', '오후', '국회', '운영', '위원회', '대통령', '비서실', '국정', '감사', '출석', '대장동', '개발', '사업', '민간', '개발', '업자', '이득', '지적', '이영', '국민', '힘', '의원', '관련', '질의', '뒤', '처음', '엄중', '말', '청와대', '엄중', '생각', '대장동', '의혹', '관련', '입장', '유', '실장', '대장동', '의혹', '부동산', '문제', '관련', '국민', '분노', '문', '대통령', '철저', '수사', '지시', '설명', '부동산', '정부', '곳', '끝', '최선', '부분', '강조', '국민', '힘', '대장동', '특검', '요청', '수사', '점', '전제', '국회', '논의', '논의', '결과', '결단', '원론', '입장', '야당', '검찰', '경찰', '수사', '대통령', '레임덕', '임기', '말', '권력', '누수', '현상', '철저', '신속', '수사', '지시', '공세', '유', '실장', '전체', '검찰', '경찰', '생각', '대통령', '말', '판단', '서울', '뉴시스', '전신', '기자', '유영민', '대통령', '비서', '실장', '서울', '여의도', '국회', '운영', '위원회', '대통령', '비서실', '국가', '대통령', '경호', '처', '국정', '감사', '의원', '질의', '답변', '공동', '취재', '사진', '유', '실장', '문', '대통령', '이재명', '민주당', '대선', '후보', '회동', '야당', '지적', '적극', '반박', '대통령', '대장동', '관련', '수사', '대상', '후보', '취지', '비판', '유', '실장', '후보', '대장동', '의혹', '관련', '수사', '대상', '피의자', '여당', '대선', '후보', '관례', '요청', '설명', '대통령', '후보', '회동', '대장동', '의혹', '관련', '수사', '영향', '우려', '자체', '검찰', '경찰', '가이드라인', '수사', '지침', '불쾌감', '표현', '청와대', '부분', '유의', '실장', '노태우', '대통령', '국가', '장', '여부', '전국', '민주', '노동조합', '연맹', '총파업', '현안', '입장', '실장', '노태우', '대통령', '장례식', '관련', '현재', '국가', '장', '대상', '절차', '필요', '노', '대통령', '내란죄', '자금', '조성', '혐의', '유죄', '선고', '법', '사면', '복권', '예우', '박탈', '국가', '장', '시행', '제한', '사유', '명시', '국민', '수용성', '고려', '정무', '판단', '필요', '절차', '노', '대통령', '국가', '장', '여부', '내부', '논의', '민주', '노총', '개최', '전국', '파업', '대회', '불법', '파업', '판단', '말', '대통령', '경호', '처', '신임', '직원', '힐링', '캠프', '야당', '지적', '당시', '방역', '법상', '문제', '국민', '눈높이', '정서', '때', '생각']","유영민 청와대 비서실장이 26일 국회 운영위원회 대통령비서실, 국가안보실, 대통령경호처 국정감사에서 대장동 개발과 관련해 부동산 문제와 관련해 ""문대통령이 철저하고 신속한 수사 지침을 내려주고 지켜보고 있다""며 ""대통령이 말한 대로 굉장히 잘 움직이고 있는지 다시 한번 판단해보도록 하겠다""고 말했다."
13,20211026,정치,"[나이트포커스] 국민의힘, 최종 경선룰 확정",머니투데이,https://news.naver.com/main/read.naver?mode=LSD&mid=sec&sid1=100&oid=052&aid=0001657418,"동영상 뉴스■ 진행 : 이광연 앵커■ 출연 : 최창렬 용인대 교수, 이기재 동국대 겸임교수* 아래 텍스트는 실제 방송 내용과 차이가 있을 수 있으니 보다 정확한 내용은 방송로 확인하시기 바랍니다.[앵커]국민의힘 움직임으로 넘어가 보도록 하겠습니다. 일단은 지금 일단이라고 표현을 쓰고 있거든요. 절충안이 나왔습니다. 여론조사 그러니까 본경선에 적용할 여론조사 문항과 관련해서 4지선다형으로 선택을 하되 조금 더 구체적으로 이재명 후보와의 본선 경쟁력을 묻는 방식입니다. 저희가 지금 가상으로 재구성을 해 봤거든요. 질문이 길기는 한데 그러니까 1:1로 다 이름을 넣은 거예요. 넣고 중간쯤에 민주당 이재명 후보와 맞붙을 후보로 누가 가장 경쟁력이 있다고 생각하십니까라는 4지선다형입니다. 어떻게 정리가 된 걸까요?[최창렬]그러니까 특히 홍준표 후보하고 윤석열 후보가 생각이 달랐잖아요. 그러니까 홍준표 후보 측에서는 지금 4지선다형으로 가자. 그러니까 이재명 후보가 결정이 됐으니까 이재명 후보에 맞설 국민의힘의 후보는 누가 적당하다고 보느냐? 이런 식의 문장을 주장했던 것이고. 윤석열 후보 측에서는 그렇게 하지 않고 이재명 후보 대 유승민 후보, 이재명 후보 대 홍준표 후보. 쭉 4명의 후보를 나열하면서 그때마다 조사를 하는 거예요. 그렇게 돼서 그 차이를 통해서 결정하겠다고 했는데 그건 사실 변별력이 굉장히 떨어져요. 사실 수학적으로 가능할지 모르겠단 말이에요. 그래서 이준석 대표도 전례가 없는 방법으로 하지 말자라는 얘기를 했던 거거든요. 그러나 결과적으로 아무튼 4지선다형으로 가깝게 결정이 됐는데 두 가지를 묘하게 절충해놓은 것 같아요. 어색하게 절충해놨다는 생각이 드는데 잔뜩 양자대결을 전제로 하고. 양자대결 하는 거 아니에요, 어차피 그건? 다 얘기한 다음에 그다음에 이재명 후보와 누가 경쟁력이 있다고 보냐. 이런 질문이거든요. 그래서 어색한 조합이기는 한데 굳이 실익을 따진다면 홍준표 후보 측이 조금 더 편하게 생각할 것 같아요, 윤석열 후보 측보다는.[앵커]그렇군요. 성격이 좀 급하신 응답자 같은 경우 질문이 길어서 그런 부분들도 신경이 쓰일 것 같기는 한데 일단 당 선관위도 절충안이다 이렇게 표현을 하고 있습니다. 발언 한번 들어보도록 하겠습니다.[성일종 / 국민의힘 위원·선거관리위원회 소위원장 : 어느 한 분 이의가 없었고 다 만장일치로 동의해주셨다는 말씀드립니다. 캠프들의 의견을 세 번에 걸쳐서 다 수렴했고, 캠프들의 의견에 전문가들 의견을 종합해서 오늘 선관위가 의결을 마지막으로 한 것입니다.][앵커]그러니까 성일종 의원은 다 의견을 반영했고 다시 논의할 가능성은 없다고 선을 긋고 있습니다.[이기재]그렇죠. 선관위에서 고민을 많이 했던 것 같아요. 선관위 위원들의 선호도, 그러니까 평가가 거의 가상대결로 가느냐 아니면 4지선다로 가느냐가 팽팽했던 것 같습니다. 그래서 이게 표결처리를 했을 때 이후에 벌어질 파장들이 굉장히 크게 작동할 수 있기 때문에 아무래도 합의를 하면서 절충을 했던 것 같고요. 일단 표면상 절충은 했으나 그 결과적인 여론조사의 통계는 아무래도 홍준표 후보가 주장했던 4지선다로 가기 때문에 그렇게 나올 거라고 보여지고. 지금 현재 보면 최근 여론조사를 보면 이렇게 4지선다로 경쟁력을 하면 홍준표 후보가 상당히 앞서가고 있습니다. 그래서 코리아리서치 최근 조사에 의하면 거의 한 10%까지 홍준표 후보가 앞서가고 있고요. 그건 왜냐하면 홍준표 후보가 민주당 지지층으로부터 지지율이 높아요, 상대적으로. 그래서 역투표를 방지한다고 하면서 민주당 지지층을 빼내지 않고 하는 것이기 때문에 홍준표 후보가 이 조사를 하면 상당히 앞서갈 것이다, 이렇게 생각이 됩니다.[앵커]그런가 하면 국민의힘 지도부 또 주자들이 박정희 전 대통령 42주기를 맞아서 국립현충원에 방문하기도 했습니다. 이 같은 행보, 오늘 노태우 씨 사망일이기도 합니다마는 겹치거든요. 어떻게 이 같은 행보를 해석할 수 있을까요?[최창렬]국민의힘 후보들로서는 지금 박정희 전 대통령에 대해서 오늘이 서거 42주기니까 비판적인 얘기를 할 수 없는 상황이죠, 기본적으로. 지금 경선 앞두고 있는데. 게다가 TK 대구 경북 지역에 책임당원이 가장 많은데 박정희 전 대통령에 대해서 공과 과가 있다. 이런 말을 할 수가 없는 거예요. 그러니까 다 후보들이 박정희 전 대통령의 공에 대해서 얘기를 하는 그런 것이기 때문에 특별히 이 부분은 후보들에게 이견이 별로 없을 거예요. 약간 표현의 차이가 있을 뿐이라고 생각합니다.[이기재]저는 당연히 42주기이기 때문에 모든 후보가 참여하는 행사를 한 거고요. 바로 전날 통보를 했기 때문에 윤석열 후보는 아마 따로 참배를 한 것 같은데요. 어쨌든 아까 모두에, 처음에 노태우 대통령의 공과 과에 대해서 얘기했지만 결국 보수 정당 입장에서는 박정희 전 대통령에 대한 공과 과. 그중에서 공이 많다고 생각하기 때문에 대통령의 42주기를 기리는 것은 당연한 절차라고 보고. 저는 모든 후보들이 참여해서 보수 유권자들한테 지지를 호소하는 그런 메시지를 날렸다고 생각합니다.[앵커]알겠습니다. 아무튼 4지선다형으로 확정이 됐고 경선 룰이 어느 정도 확정됐기 때문에 국민의힘 경선에서 또 어떤 변수가 등장할지 함께 지켜보도록 하겠습니다.","['동영상', '뉴스', '진행', '광연', '앵커', '출연', '최창렬', '용인', '교수', '이기재', '동국', '겸임', '교수', '아래', '텍스트', '실제', '방송', '내용', '차이', '내용', '방송', '확인', '앵커', '국민', '힘', '움직임', '일단', '표현', '절충안', '여론', '조사', '경선', '적용', '여론', '조사', '문항', '관련', '지선', '다형', '선택', '구체', '이재명', '후보', '본선', '경쟁력', '방식', '가상', '구성', '질문', '이름', '중간', '민주당', '이재명', '후보', '후보', '경쟁력', '생각', '지선', '다형', '정리', '최창렬', '홍준표', '후보', '윤석열', '후보', '생각', '홍준표', '후보', '지선', '다형', '이재명', '후보', '결정', '이재명', '후보', '국민', '힘', '후보', '문장', '주장', '윤석열', '후보', '이재명', '후보', '유승민', '후보', '이재명', '후보', '홍준표', '후보', '후보', '나열', '그때', '조사', '차이', '결정', '변별력', '수학', '가능', '말', '이준석', '대표', '전례', '방법', '말', '얘기', '결과', '지선', '다형', '결정', '절충', '절충', '생각', '양자', '대결', '전제', '양자', '대결', '얘기', '다음', '다음', '이재명', '후보', '경쟁력', '질문', '조합', '실익', '홍준표', '후보', '생각', '윤석열', '후보', '앵커', '성격', '응답자', '경우', '질문', '부분', '신경', '당', '선관위', '절충안', '표현', '발언', '성일종', '국민', '힘', '위원', '선거관리위원회', '위원장', '이의', '만장일치', '동의', '말씀', '캠프', '의견', '수렴', '캠프', '의견', '전문가', '견', '종합', '선관위', '의결', '마지막', '앵커', '성일종', '의원', '의견', '반영', '논의', '가능', '선', '이기재', '선관위', '고민', '선관위', '위원', '선호', '평가', '가상', '대결', '지선', '다로', '표결', '처리', '때', '이후', '파장', '작동', '합의', '절충', '표면', '절충', '결과', '여론', '조사', '통계', '홍준표', '후보', '주장', '지선', '다', '최근', '여론', '조사', '지선', '다로', '경쟁력', '홍준표', '후보', '코리아', '리서치', '최근', '조사', '거의', '홍준표', '후보', '홍준표', '후보', '민주당', '지지층', '지지율', '상대', '역', '투표', '방지', '민주당', '지지층', '홍준표', '후보', '조사', '생각', '앵커', '국민', '힘', '지도부', '주자', '박정희', '대통령', '국립', '현충원', '방문', '행보', '노태우', '사망일', '행보', '해석', '최창렬', '국민', '힘', '후보', '박정희', '대통령', '오늘', '서거', '비판', '얘기', '상황', '기본', '경선', '대구', '경북', '지역', '책임', '당원', '박정희', '대통령', '공과', '과', '말', '후보', '박정희', '대통령', '공', '얘기', '부분', '후보', '이견', '표현', '차이', '생각', '이기재', '후보', '참여', '행사', '전날', '통보', '윤석열', '후보', '참배', '모두', '처음', '노태우', '대통령', '공과', '과', '얘기', '결국', '보수', '정당', '입장', '박정희', '대통령', '공과', '공', '생각', '대통령', '절차', '후보', '참여', '보수', '유권자', '지지', '호소', '메시지', '생각', '앵커', '지선', '다형', '확정', '경선', '룰', '정도', '확정', '국민', '힘', '경선', '변수', '등장']",최창렬 용인대 교수와 이기재 동국대 겸임교수는 당 선관위가  4지선다형으로 선택을 하고 이재명 후보와의 본선 경쟁력을 묻는 방식으로 수정할 것을 주장했다. 
14,20211026,정치,"노태우 별세에 재계 ""외교지평 넓혔다"" 애도",MBC,https://news.naver.com/main/read.naver?mode=LSD&mid=sec&sid1=100&oid=003&aid=0010793906,"[서울=뉴시스] 노태우 전 대통령이 26일 서거했다. 노 전 대통령은 지병으로 오랜 병상 생활을 해왔다. 최근 병세 악화로 서울대병원에 입원에 치료를 받았지만 끝내 눈을 감았다. 사진은 1989년 노태우 전 대통령이 교황 요한바오로2세 방한 행사에 참석한 모습. (사진=뉴시스 DB) 2021.10.26. photo@newsis.com *재판매 및 DB 금지[서울=뉴시스] 박정규 최희정 기자 = 노태우 전 대통령이 26일 별세한 데 대해 재계도 잇달아 애도의 뜻을 표했다.대한상공회의소는 이날 논평을 통해 ""고인은 우리나라의 외교적 지평을 넓혔고 88 서울올림픽을 성공적으로 개최하여 국가적 위상을 높혔다""며 ""또한 인천국제공항, 경부고속철도 건설을 통해 국가경제발전에 기여했다""고 평가했다.전국경제인연합회도 ""6·29선언을 통해 대통령 직선제를 확립하며 자유 민주주의 가치를 되살렸고 1988 서울올림픽을 성공적으로 개최해 국가의 위상을 드높였다“며 애도했다.이어 ""북방외교를 통해 한국 외교를 선진국 수준으로 끌어올리고 자유와 개방에 바탕을 둔 경제정책으로 고속성장을 이끄는 등 국가의 발전을 위해 노력하셨다""고 평가했다.한국경영자총협회는 ""고인의 재임기간에 대해서는 여러 가지 상반된 평가도 있지만 고인은 가장 성공적인 올림픽 중 하나로 평가되는 ‘서울올림픽’ 개최, 남북한 유엔 동시 가입과 옛 소련·중국과의 공식 수교 등 우리나라의 외교적 지위 향상과 국가 경제 발전의 기틀을 마련했다""고 밝혔다.한국무역협회는 ""노 전 대통령이 취임한 1988년은 서울올림픽 개최로 우리나라가 전쟁의 상흔을 딛고 국제무대에 성공적으로 데뷔한 해""라며 ""고인은 올림픽을 통해 우리나라의 국제무대 등장과 도약의 기틀을 마련하고 중국·구소련 등 국가들과 수교를 맺으며 북방외교를 추진해 오늘날 신북방 정책의 초석을 마련했다""고 전했다.","['서울', '뉴시스', '노태우', '대통령', '서거', '대통령', '지병', '병상', '생활', '최근', '병세', '악화', '서울대', '병원', '입원', '치료', '눈', '사진', '노태우', '대통령', '교황', '요한', '바오로', '방한', '행사', '참석', '모습', '사진', '뉴시스', '재판매', '금지', '서울', '뉴시스', '박정규', '최희정', '기자', '노태우', '대통령', '별세', '재계', '애도', '뜻', '상공', '회의소', '이날', '논평', '고인', '나라', '외교', '지평', '서울', '올림픽', '성공', '개최', '국가', '위상', '인천', '국제공항', '경부고속철도', '건설', '국가', '경제', '발전', '기여', '평가', '전국', '경제', '연합회', '선언', '대통령', '직선제', '확립', '자유', '민주주의', '가치', '서울', '올림픽', '성공', '개최', '국가', '위상', '애도', '북방', '외교', '한국', '외교', '선진국', '수준', '자유', '개방', '바탕', '경제', '정책', '고속', '성장', '국가', '발전', '노력', '평가', '한국', '경영자', '협회', '고인', '재임', '기간', '상반', '평가', '고인', '성공', '올림픽', '평가', '서울', '올림픽', '개최', '남북한', '유엔', '동시', '가입', '소련', '중국', '공식', '수교', '우리나라', '외교', '지위', '향상', '국가', '경제', '발전', '기틀', '마련', '한국', '무역', '협회', '노', '대통령', '취임', '서울', '올림픽', '개최', '나라', '전쟁', '상흔', '국제', '무대', '성공', '데뷔', '해', '고인', '올림픽', '나라', '국제', '무대', '등장', '도약', '기틀', '마련', '중국', '구소련', '국가', '수교', '북방', '외교', '추진', '오늘날', '북방', '정책', '초석', '마련']","노태우 전 대통령이 26일 별세한 것에 대해 대한상공회의소와 전국경제인연합회는 ""북방외교를 통해 우리나라의 외교적 지평을 넓혔고, 88 서울올림픽을 성공적으로 개최하여 국가적 위상을 높였으며, 인천국제공항, 경부고속철도 건설을 통해 국가경제발전에 기여했다""라고 평가했다."
15,20211026,정치,"부정투표 우려? 홍준표측 ""당원투표 ARS 본인인증 도입해야""",YTN,https://news.naver.com/main/read.naver?mode=LSD&mid=sec&sid1=100&oid=008&aid=0004661997,"(서울=뉴스1) 이동해 기자 = 홍준표 국민의힘 대선 경선 후보가 26일 서울 여의도 선거 캠프에서 국방·안보 대개혁 공약을 발표하고 있다. 2021.10.26/뉴스1국민의힘 대권 후보인 홍준표 의원 측이 당 선거관리위원회(선관위)에 최종 경선 투표와 관련해 전화 ARS 투표 시 본인인증 절차 도입을 요구했다. 부정 투표를 방지하겠다는 취지다. 당 선관위는 이를 기각한 것으로 확인됐다.지난 26일 정치권에 따르면 홍 의원 캠프는 전날(25일) 당 선관위에 '공정한 투표 진행을 위해 전화 ARS 투표에 본인인증 절차를 도입해 주실 것을 요청드린다'는 내용의 공문을 보냈다.국민의힘 대통령 후보를 결정하는 경선은 일반인 여론조사(50%)와 당원 투표(50%)로 진행된다. 그 중 당원투표는 모바일 투표를 먼저 실시하고 모바일 투표를 하지 못한 선거인단을 대상으로 전화 ARS투표를 실시한다.모바일 투표는 보안 인증번호 입력과 주민등록번호 입력의 두 가지 본인인증 절차를 거치지만 전화 ARS 투표는 아무런 본인인증 절차 없이 책임 당원 여부만 확인한 후에 투표 절차에 들어간다.홍 의원 측은 선관위에 ""대리투표 등의 부정 투표가 발생할 가능성이 커 대통령 후보를 선출하는 중차대한 경선이 자칫하면 부정선거 시비에 휘말리는 결과를 초래할 수도 있다""며 ""전화 ARS 투표에도 최소한 1회 이상 본인 인증 절차를 도입해 달라""고 주장한 것이다.하지만 국민의힘 선관위는 지난 26일 해당 요청을 거부하는 뜻을 밝힌 것으로 확인됐다. 당 선관위 측은 ""2차 컷오프 투표 때도 하지 않았기 때문에 3차 때 도입은 어렵다""고 설명한 것으로 전해진다.홍 의원 측은 ""2차 투표 때 ARS 전화를 본인인증 없이 하는 것도 몰랐고 이제야 문제를 발견해서 개선을 요구한 것""이라며 ""그런데 이런 이유로 거부당했다""고 밝혔다.","['서울', '뉴스', '이동', '기자', '홍준표', '국민', '힘', '대선', '경선', '후보', '서울', '여의도', '선거', '캠프', '국방', '개혁', '공약', '발표', '뉴스', '국민', '힘', '대권', '후보', '홍준표', '의원', '당', '선거관리위원회', '선관위', '최종', '경선', '투표', '관련', '전화', '투표', '시', '본인', '인증', '절차', '도입', '요구', '부정', '투표', '방지', '취지', '당', '선관위', '기각', '확인', '정치', '홍', '의원', '캠프', '전날', '선관위', '공정', '투표', '진행', '전화', '투표', '본인', '인증', '절차', '도입', '요청', '내용', '공문', '국민', '힘', '대통령', '후보', '결정', '경선', '일반인', '여론', '조사', '당원', '투표', '진행', '당원', '투표', '모바일', '투표', '실시', '모바일', '투표', '선거인단', '대상', '전화', '투표', '실시', '모바일', '투표', '보안', '인증', '번호', '입력', '주민', '등록', '번호', '입력', '본인', '인증', '절차', '전화', '투표', '본인', '인증', '절차', '책임', '당원', '여부', '확인', '후', '투표', '절차', '홍', '의원', '선관위', '대리', '투표', '부정', '투표', '발생', '가능', '대통령', '후보', '선출', '경선', '부정', '선거', '시비', '결과', '초래', '전화', '투표', '최소한', '이상', '본인', '인증', '절차', '도입', '주장', '국민', '힘', '선관위', '해당', '요청', '거부', '뜻', '확인', '선관위', '컷오프', '투표', '때', '때', '도입', '설명', '홍', '의원', '투표', '때', '전화', '본인', '인증', '문제', '발견', '개선', '요구', '이유', '거부']",홍준표 국민의 국민의힘 대선 경선후보가 전날(25일) 당 선관위에 최종 경선 투표와 관련해 일반인 여론조사(50%)와 당원 투표(50%)로 진행되는 전화 ARS 투표 시 본인인증 절차 도입을 요구했지만 당 선관위는 2차 컷오프 투표 때도 하지 않았기 때문에 3차 때 도입은 어렵다고 설명했다.
16,20211026,정치,"'보통사람'과 '전두환 2인자' 사이에서... 노태우, 영욕의 생 마감하다",YTN,https://news.naver.com/main/read.naver?mode=LSD&mid=sec&sid1=100&oid=469&aid=0000637331,"제13대 대통령을 지낸 노태우 전 대통령이 26일 별세했다. 향년 89세. 사진은 1988년 올림픽 담화를 발표하는 노 전 대통령 모습. 대통령기록관 홈페이지 캡처대한민국 제13대 대통령인 노태우 전 대통령이 26일 별세했다. 향년 89세. 김대중·김영삼 전 대통령, 김종필 전 국무총리에 이어 노 전 대통령이 영면에 들면서 ‘1노(盧) 3김(金)’ 시대의 주역이 역사의 뒤안길로 모두 사라지게 됐다.노 전 대통령은 ""자신(나)에게 주어진 운명을 겸허하게 그대로 받아들여, 위대한 대한민국과 국민을 위해 봉사할 수 있어서 참으로 감사하고 영광스러웠다""며 ""나름대로 최선의 노력을 다했지만 그럼에도 부족한 점과 과오들에 대해 깊은 용서를 바란다""라는 말을 유족을 통해 남겼다. 이날은 공교롭게도 박정희 전 대통령이 10·26 사태로 별세한지 42년째 되는 날이다.노 전 대통령은 오랜 투병 생활을 해오다 이날 삶을 마감했다. 1932년 대구에서 태어난 고인의 생은 그 자체로 영욕의 현대사다. 1955년 육군사관학교(11기)를 졸업한 그는 1979년 12·12 군사 반란에 가담한 뒤 전두환 정권에서 승승장구했다. 1980년 전두환 전 대통령 후임으로 국군보안사령관에 취임했고, 정무 제2장관을 거쳐 초대 체육부 장관, 내무부 장관을 지냈다. 1985년 제12대 국회의원 선거에서 민주정의당 전국구 의원으로 당선돼 정계에 발을 들였다.1987년 집권여당 대통령 후보가 된 노 전 대통령은 6월 항쟁에서 분출한 대통령 직선제 개헌 요구를 6ㆍ29 선언을 통해 전격 수용했다. 같은 해 12월 대선에서 후보 단일화에 실패한 '3김'을 꺾고 승리, 이듬해부터 1993년까지 대한민국 대통령을 지냈다.노 전 대통령은 대선 슬로건인 '보통사람'으로 오랫동안 기억됐다. 무색무취하다는 뜻이기도 했다. 다만 냉전 해체 흐름에 힘입어 굵직한 외교 안보 성과를 냈다. 1988서울올림픽의 성공적 개최와 남북한 유엔 동시 가입, 남북기본합의서·한반도 비핵화 선언 채택 등을 이뤄냈다. 그러나 일평생 ‘전두환의 2인자’라는 그림자가 따라다녔다.말년도 편치 않았다. 1995년 ‘노태우 비자금’ 사건이 터졌고, 군사 쿠데타 주도와 5ㆍ18 광주민주화운동 무력 진압, 비자금 조성 등의 혐의로 전 전 대통령과 함께 수감됐다. 1997년 대법원에서 징역 17년과 추징금 2,600억여 원을 선고받았고, 김영삼 정부의 특별사면으로 석방됐다.노 전 대통령은 2003년 노무현 전 대통령 취임식에 참석한 이후 공식 석상에서 모습을 보이지 않았다. 은둔자로 지낸 노 전 대통령을 대신해 명예 회복에 애쓴 건 외아들 재헌씨였다. 미국 변호사인 그는 올해 8월 광주 5·18민주묘지를 찾아 광주민주화운동 희생자들에게 사죄했다. 다른 유족으로는 부인인 김옥숙씨와 노소영 아트센터나비 관장이 있다.전직 대통령이지만, 장례식을 국가장으로 치를지, 국립서울현충원에 안장될지는 26일 곧바로 결정되지 않았다. 기본 경호를 제외한 대통령 예우가 전부 박탈됐기 때문이다. 유영민 대통령비서실장은 이날 국정감사에 출석해 ""정부 결정에 따라 국가장을 치르고 현충원에 안장할 수 있다. 논의해 보겠다""고 말했다.빈소는 서울대병원 장례식장 3호실에 차려졌으며, 발인 날짜는 국가장 여부에 따라 정해진다. 조문은 27일 오전 10시부터 받는다. (02) 2072-2010","['대통령', '노태우', '대통령', '별세', '향년', '사진', '올림픽', '담화', '발표', '노', '대통령', '모습', '대통령', '기록관', '홈페이지', '캡처', '대한민국', '대통령', '노태우', '대통령', '별세', '향년', '김대중', '김영삼', '대통령', '김종필', '국무총리', '노', '대통령', '영면', '노', '김', '시대', '주역', '역사', '뒤안길', '대통령', '자신', '운명', '겸허', '대한민국', '국민', '봉사', '감사', '영광', '최선', '노력', '부족', '점', '과오', '용서', '말', '유족', '이날', '박정희', '대통령', '사태', '별세', '날', '대통령', '투병', '생활', '이날', '삶', '마감', '대구', '고인', '생', '자체', '영욕', '현대사', '육군사관학교', '기', '졸업', '군사', '반란', '가담', '뒤', '전두환', '정권', '승승장구', '전두환', '대통령', '후임', '국군', '보안', '사령관', '취임', '정무', '장관', '초대', '체육부', '장관', '내무부', '장관', '국회의원', '선거', '민주', '정의당', '전국구', '의원', '당선', '정계', '발', '집권', '여당', '대통령', '후보', '노', '대통령', '항쟁', '분출', '대통령', '직선제', '개헌', '요구', '선언', '전격', '수용', '해', '대선', '후보', '단일', '실패', '김', '승리', '이듬해', '대한민국', '대통령', '대통령', '대선', '슬로건', '보통', '사람', '오랫동안', '기억', '무색무취', '뜻', '냉전', '해체', '흐름', '외교', '안보', '성과', '서울', '올림픽', '성공', '개최', '남북', '한', '유엔', '동시', '가입', '남북', '기본', '합의', '한반도', '비핵화', '선언', '채택', '전두환', '인자', '그림자', '말년', '노태우', '비자금', '사건', '군사', '쿠데타', '주도', '광주', '민주', '운동', '무력', '진압', '비자금', '조성', '혐의', '전', '대통령', '수감', '대법원', '징역', '추징금', '선고', '김영삼', '정부', '특별', '사면', '석방', '대통령', '노무현', '대통령', '취임식', '참석', '이후', '공식', '석상', '모습', '은둔자', '노', '대통령', '대신', '명예', '회복', '외아들', '헌', '미국', '변호사', '올해', '광주', '민주', '묘지', '광주', '민주', '운동', '희생자', '사죄', '유족', '부인', '김옥숙', '노소영', '아트센터나비', '관장', '전직', '대통령', '장례식', '국가', '장', '국립', '서울', '현충원', '안장', '결정', '기본', '경호', '제외', '대통령', '예우', '박탈', '유영민', '대통령', '비서', '실장', '이날', '국정', '감사', '출석', '정부', '결정', '국가', '장', '현충원', '안장', '논의', '말', '빈소', '서울대', '병원', '장례식장', '호실', '발인', '날짜', '국가', '장', '여부', '조문', '오전']",제13 제13대 대통령인 노태우 전 대통령이 26일 별세하여 대한민국 제13대 대통령인 노태우 전 대통령이 영면에 들면서 '1노 3김(金)' 시대의 주역이 역사의 뒤안길로 모두 사라지게 되었다.
17,20211026,정치,"靑비서실장 ""대장동 실체, 대통령도 몰라…특검, 국회가 논의""(종합)",머니투데이,https://news.naver.com/main/read.naver?mode=LSD&mid=sec&sid1=100&oid=001&aid=0012749143,"특검, 국회논의 우선…""대장동 비상식적, 부동산 문제 국민 분노""황무성 사퇴 의혹·유동규 임명 배경 등에는 말 아껴증인선서 마친 유영민 대통령 비서실장(서울=연합뉴스) 안정원 기자 = 유영민 대통령 비서실장이 26일 오전 국회에서 열린 운영위원회 대통령비서실, 국가안보실, 대통령경호처 국정감사에서 증인선서를 마친 뒤 선서문을 전달을 위해 위원장석으로 이동하고 있다. 2021.10.26 [국회사진기자단] jeong@yna.co.kr(서울=연합뉴스) 임형섭 강민경 기자 = 유영민 대통령 비서실장은 26일 대장동 개발비리 의혹에 대한 특검 도입 문제와 관련해 ""국회가 논의를 해달라""고 말했다.유 실장은 이날 국회 운영위원회 국정감사에 출석해 국민의힘 임이자 의원이 '대통령께 특검 결단을 요청할 의향이 없느냐'고 묻자 ""저희도 내부적으로 여러 가지 고민을 하고 있다""며 이같이 답했다.유 실장이 '청와대 내부 고민'을 언급하긴 했지만 여야가 논의해 합의를 도출하는 것이 먼저라고 명시했다는 점에서, 이번 발언은 국회에 공을 넘기며 청와대는 특검 논의에서는 어느 정도 거리를 두겠다는 뜻으로 해석할 수 있다.유 실장은 ""(현재 수사를) 전체적으로 열심히 잘하고 있다고 생각하지만, 다시 한번 더 대통령이 말씀하신 대로 검경이 협조해 잘 움직이고 있는지 판단해보도록 하겠다""라고도 했다.유 실장은 다만 이번 의혹에 대해서는 ""청와대도 굉장히 비상식적으로 보고 있다""고 언급하면서, 문제의 심각성을 지적하는 야당 측의 발언에 ""공감한다""고 언급하기도 했다.유 실장은 ""이번 의혹에 대한 국민의 분노가 당연히 있을 것""이라며 ""부동산 문제는 우리 정부에서 가장 아픈 곳이기도 하다. 끝까지 최선을 다해야 할 부분""이라고 밝혔다.한편 유 실장은 국민의힘 유상범 의원이 황무성 초대 성남도시개발공사 사장의 사퇴와 관련한 의혹을 거론하며 '사표를 강요당한 정황이 이례적이지 않느냐'고 묻자 ""개인의 상황에 따라 다를 수도 있다. 사안의 실체를 모르기 때문에 제가 얘기하기 적절하지 않다""며 말을 삼갔다.유동규 전 성남도시개발공사 본부장 임명 배경 수사해야 한다는 국민의힘 이영 의원의 지적에도 ""성남시 인사 내용을 몰라 답변을 드릴 수 있는 게 없다""고 했다특히 유 실장은 문 대통령이 이 사건에 대해 '실체적 진실을 조속히 규명하라'는 지시를 내린 점을 언급하며 ""대통령이 실체를 알고 나서 찾으라고 하지는 않았을 것""이라며 ""대통령도 실체는 모르는 것이다. 국민들이 의문을 가지니 조속히 해소하라는 뜻""이라고 했다.hysup@yna.co.kkjpark@yna.co.kr","['특검', '국회', '논의', '대장동', '비상식', '부동산', '문제', '국민', '분노', '황무성', '사퇴', '의혹', '유동규', '임명', '배경', '말', '증인', '선서', '유영민', '대통령', '비서', '실장', '서울', '연합뉴스', '안', '정원', '기자', '유영민', '대통령', '비서', '실장', '오전', '국회', '운영', '위원회', '대통령', '비서실', '국가', '대통령', '경호', '처', '국정', '감사', '증인', '선서', '뒤', '선서문', '전달', '위원장', '석', '이동', '국회', '사진', '기자단', '서울', '연합뉴스', '임형섭', '강민경', '기자', '유영민', '대통령', '비서', '실장', '대장동', '개발', '비리', '의혹', '특검', '도입', '문제', '관련', '국회', '논의', '말', '실장', '이날', '국회', '운영', '위원회', '국정', '감사', '출석', '국민', '힘', '의원', '대통령', '특검', '결단', '요청', '의향', '내부', '고민', '답', '실장', '청와대', '내부', '고민', '언급', '여야', '논의', '합의', '도출', '먼저', '명시', '점', '이번', '발언', '국회', '공', '청와대', '특검', '논의', '정도', '거리', '뜻', '해석', '유', '실장', '수사', '전체', '생각', '대통령', '말씀', '검경', '협조', '판단', '도', '실장', '이번', '의혹', '청와대', '비상식', '언급', '문제', '지적', '야당', '발언', '공감', '언급', '실장', '이번', '의혹', '국민', '분노', '부동산', '문제', '정부', '곳', '끝', '최선', '부분', '한편', '유', '실장', '국민', '힘', '유상범', '의원', '황무성', '초대', '성남', '도시', '개발', '공사', '사장', '사퇴', '관련', '의혹', '거론', '사표', '강요', '정황', '이례', '개인', '상황', '사안', '실체', '얘기', '말', '유동규', '성남', '도시', '개발', '공사', '본부', '장', '임명', '배경', '수사', '국민', '힘', '의원', '지적', '성남시', '인사', '내용', '답변', '유', '실장', '문', '대통령', '사건', '실체', '진실', '규명', '지시', '점', '언급', '대통령', '실체', '대통령', '실체', '국민', '의문', '해소', '뜻']","유영민 대통령 비서실장은 26일 국회 운영위원회 국정감사에 출석해 국민의힘 임이자 의원이 '대통령께 특검 결단을 요청할 의향이 없느냐'고 물었고, ""청와대도 내부적으로 여러 고민을 하고 있다""라고 말하며 대장동 개발비리 의혹에 대한 특검 도입 문제와 관련해 국회의 논의를 요청했다."
18,20211026,정치,한-칠레 FTA 제6차 개선협상 개회식,연합뉴스,https://news.naver.com/main/read.naver?mode=LSD&mid=sec&sid1=100&oid=003&aid=0010793903,"[서울=뉴시스] 고승민 기자 = 산업통상자원부는 26일 이경식 자유무역협정교섭관이 서울 JW메리어트호텔에서 펠리페 로페안디아 칠레 외교부 양자경제 국장을 비롯한 한-칠레 양국 정부대표단이 화상으로 참석한 가운데 열린 '한-칠레 FTA 제6차 개선협상 개회식'에 참석해 상품, 지재권, 무역원활화 등의 의제를 논의했다고 밝혔다. (사진=산업통상자원부 제공) 2021.10.26. photo@newsis.com *재판매 및 DB 금지[사진 영상 제보받습니다] 공감언론 뉴시스가 독자 여러분의 소중한 제보를 기다립니다. 뉴스 가치나 화제성이 있다고 판단되는 사진 또는 영상을 뉴시스 사진영상부(n-photo@newsis.com)로 보내주시면 적극 반영하겠습니다.","['서울', '뉴시스', '고승', '민', '기자', '산업', '통상', '자원', '부', '이경식', '자유', '무역', '협정', '교섭', '관', '서울', '메리어', '트', '호텔', '펠리페', '로페', '안디', '칠레', '외교부', '양자', '경제', '국장', '한', '칠레', '양국', '정부', '대표단', '화상', '참석', '가운데', '한', '칠레', '개선', '협상', '개회식', '참석', '상품', '지재', '무역', '원활', '의제', '논의', '사진', '산업', '통상', '자원', '부', '제공', '재판매', '금지', '사진', '영상', '제보', '공감', '언론', '뉴시스', '독자', '제보', '뉴스', '가치', '화제', '판단', '사진', '영상', '뉴시스', '사진', '영상', '부', '적극', '반영']","산업통상자원부는 이경식 자유무역협정교섭관이 '한-칠레 FTA 제6차 개선협상 개회식'에 참석해 한-칠레 양국 정부대표단이 화상으로 참석한 가운데 열린 '한-칠레 FTA 제6차 개선협상 개회식'에 참석해 상품, 지재권, 무역원활화 등의 의제를 논의했다고 밝혔으며 뉴스 가치나 화제성이 있다고 판단되는 사진 또는 영상을 뉴시스 사진영상부(n-photo@newsis.com)로 보내주시면 적극 반영하겠다."
19,20211026,정치,무역 리더쉽 그룹 회의,뉴시스,https://news.naver.com/main/read.naver?mode=LSD&mid=sec&sid1=100&oid=003&aid=0010793902,"[서울=뉴시스] 고승민 기자 = 산업통상자원부는 26일 여한구 통상교섭본부장이 대한상공회의소에서 응고지 오콘조 이웨알라 WTO 사무총장, 보르게 브렌데 세계경제포럼 이사 등 관계자가 참석한 가운데 열린 '무역 리더쉽 그룹 회의'에 화상으로 참석해 WTO 각료회의 성과 도출 및 개혁 등을 논의했다고 밝혔다. (사진=산업통상자원부 제공) 2021.10.26. photo@newsis.com *재판매 및 DB 금지[사진 영상 제보받습니다] 공감언론 뉴시스가 독자 여러분의 소중한 제보를 기다립니다. 뉴스 가치나 화제성이 있다고 판단되는 사진 또는 영상을 뉴시스 사진영상부(n-photo@newsis.com)로 보내주시면 적극 반영하겠습니다.","['서울', '뉴시스', '고승', '민', '기자', '산업', '통상', '자원', '부', '여한구', '통상', '교섭', '본부', '장', '상공', '회의소', '응고지', '오콘', '조', '사무총장', '보르게', '브렌', '세계', '경제', '포럼', '이사', '관계자', '참석', '가운데', '무역', '리더', '쉽', '그룹', '회의', '화상', '참석', '각료', '회의', '도출', '개혁', '논의', '사진', '산업', '통상', '자원', '부', '제공', '재판매', '금지', '사진', '영상', '제보', '공감', '언론', '뉴시스', '독자', '제보', '뉴스', '가치', '화제', '판단', '사진', '영상', '뉴시스', '사진', '영상', '부', '적극', '반영']","산업통상자원부는 26일 개최된 '무역 리더쉽 그룹 회의'에 참석한 여한구 통상교섭본부장이 화상으로 참석해 WTO 각료회의 성과 도출 및 개혁 등을 논의하였고, 뉴스 가치나 화제성이 있다고 판단되는 사진 또는 영상을 뉴시스 사진영상부로 보내주시면 적극 반영하겠다고 밝혔다."
