,date,category,title,company,url,text,tokenize
0,20211026,경제,"뉴욕증시, 긍정적인 기업 실적에 상승 출발",KBS,https://news.naver.com/main/read.naver?mode=LSD&mid=sec&sid1=101&oid=214&aid=0001156147,"뉴욕증시가 대형 기술 기업들의 실적 발표를 앞두고 긍정적인 실적이 잇달아 발표되며 상승했습니다.미 동부시간 기준 26일 오전 9시 58분 현재 뉴욕증권거래소에서 다우존스30산업평균지수는 전장보다 0.22% 오른 35,818.43을 기록했습니다.스탠더드앤드푸어스500지수는 전장보다 0.47% 상승한 4,587.74를, 기술주 중심의 나스닥지수는 전장보다 0.66% 뛴 15,326.79를 나타냈습니다.투자자들은 이날 발표되는 구글 모기업 알파벳, 마이크로소프트, 트위터 등 대형 IT 기업들의 실적 발표를 주시하고 있습니다.지금까지 나온 기업들의 실적은 대체로 긍정적입니다.제너럴일렉트릭은 예상치를 웃돈 순익을 발표하면서 주가가 4% 이상 상승했고 전날 시가총액 1조 달러를 돌파한 테슬라는 이날도 3% 이상 상승 중입니다.뉴욕증시 전문가들은 경제 관련 지표가 긍정적으로 나오고 있고, 기업 실적도 좋아 분위기는 매우 좋은 상황이라고 평가했습니다.",뉴욕 증시 대형 기술 기업 실적 발표 긍정 실적 발표 상승 동부 시간 기준 오전 뉴욕 증권거래소 다우존스 산업 평균 지수 전장 기록 스탠더드 앤드 어스 지수 전장 상승 기술 중심 나스닥 지수 전장 투자자 이날 발표 구글 모기업 알파벳 마이크 소프트 트위터 대형 기업 실적 발표 주시 지금 기업 실적 긍정 제너럴 일렉트릭 예상 웃돈 순익 발표 주가 이상 상승 전날 시가총액 돌파 테슬라 이날 이상 상승 뉴욕 증시 전문가 경제 관련 지표 긍정 기업 실적 분위기 상황 평가. 
1,20211026,경제,휘발유 1ℓ에 164원↓…변수는 유가 상승세,KBS,https://news.naver.com/main/read.naver?mode=LSD&mid=sec&sid1=101&oid=056&aid=0011144816,"[앵커]경제 소식 하나 더 전해드립니다.정부가 기름에 붙는 세금인 유류세를 20% 내리기로 했습니다.다음 달 중순쯤부터 휘발유 기준 1리터에 160원 정도 떨어질 것으로 보이는데요, 실제 인하까지는 몇 가지 변수들도 있습니다.박예원 기자가 보도입니다.[리포트]좀처럼 떨어질 줄 모르는 기름값에 조금이라도 싸게 파는 주유소엔 차량들이 모입니다.[정우진/서울 송파동 : ""이곳이 싸다고 나왔길래 일부러 여기까지 좀 온 겁니다. 수입은 늘지는 않고 물가상승률 때문에 지출이 많으니까 아무래도 많이 좀 부담스러워서..""]결국, 정부가 6개월 동안 유류세율을 20% 낮추기로 했습니다.역대 최대 인하 폭입니다.휘발유와 경유는 164원과 116원, LPG는 40원 내릴 수 있습니다.물가도 월간 기준 0.33%p 인하되는 효과가 기대됩니다.[이억원/기획재정부 제1차관 : ""서민경제의 에너지비용 부담을 완화할 수 있을 것으로 기대하고 있습니다. 휘발유 차량을 하루 40km 운행할 경우 월 2만 원의 유류비가 경감됩니다.""]인하 시기는 다음 달 12일부터지만, 실제 가격에 반영되는 데는 시간이 걸립니다.인하 폭도 주유소마다 다를 수 있습니다.3년 전 유류세율을 내렸을 때 셀프주유소는 가격에 세율 인하 폭을 대부분 반영했지만, 일반주유소는 이보다 못 미쳤습니다.국제유가 흐름도 변수입니다.만약 1배럴에 110달러 선까지 오르면 세금 깎아주는 효과가 원가 인상에 밀려 사라지게 됩니다.[김태헌/에너지경제연구원 선임연구위원 : ""(유가 상승이) 빠르게 진행이 된다면, 유류세는 인하했다 하더라도 휘발유 가격은 그대로니까 체감효과는 느낄 수 없다는 말씀이 되는 거죠.""]예상대로 내년 4월 말까지 유류세 인하가 적용되면 관련 세수가 2조 5천억 정도 줄 것으로 보입니다.정부는 앞으로 국제유가가 안정될 경우 유류세 인하 조치를 빨리 끝낼 수 있다고 밝혔습니다.KBS 뉴스 박예원입니다.촬영기자:정민욱/영상편집:김성현/그래픽:최민영",앵커 경제 소식 정부 기름 세금 유류 내리기 다음 중순 휘발유 기준 정도 인하 변수 박예원 기자 보도 리포트 기름 조금 주유소 차량 정우진 서울 송파동 수입 물가 상승 지출 부담 결국 정부 동안 유류 세율 역대 최대 인하 휘발유 경유 물가 월간 기준 인하 효과 기대 기획 재정부 차관 서민 경제 에너지 비용 부담 완화 기대 휘발유 차량 하루 운행 경우 유류 경감 다음 실제 가격 반영 시간 인하 주유소 유류 세율 셀프 주유소 가격 세율 인하 대부분 반영 일반 주유소 국제 유가 흐름 변수 세금 효과 원가 인상 김태헌 에너지 경제 연구원 선임 연구 위원 유가 상승 진행 유류 인하 휘발유 가격 체감 효과 말씀 예상 내년 유류 인하 적용 관련 세수 정도 정부 국제 유가 안정 경우 유류 인하 조치 뉴스 박예원 촬영 기자 정민 영상 편집 김성현 그래픽 최민영. 
2,20211026,경제,[심층인터뷰] ‘능력만큼 대출’…부동산 영향은?,한국경제TV,https://news.naver.com/main/read.naver?mode=LSD&mid=sec&sid1=101&oid=056&aid=0011144815,"[앵커]갚을 수 있는 만큼만 대출해주고, 조금씩 나눠 갚도록 하겠다는 게 이번 추가 대책의 핵심입니다.당초 내년 7월부터 시행될 예정이었으나, 이를 반 년 앞당긴 셈인데요.강화된 가계대출 규제, 권혁중 경제평론가와 좀 더 자세히 분석해보겠습니다.가계부채 관리방안을 시행한 지 불과 3개월 만에 추가 대책을 내놨습니다.현재의 가계부채 상황이 그만큼 위험하다는 겁니까?[앵커]빌릴 수 있는 돈이 줄어드는 셈이니, 당장 대출이 필요한 수요자들의 셈법도 복잡해질 텐데요.내년 1월 전에 대출을 미리 받으려는 움직임도 나타나지 않겠습니까?[앵커]앞서 보셨지만, 풍선 효과를 막기 위해서 제 2금융권이나 카드론도 규제를 강화하기로 했죠.그런데 이렇게 되면, 소득이 적은 서민들, 또 청년들부터 타격을 받게 되는 것 아닙니까?[앵커]그런데 이 대책만으로는 부족한 취약계층도 있지 않겠습니까?혹여 불법 사금융 쪽으로 내몰리지는 않을지 걱정인데요?[앵커]어쨌든 내년 1월부터는 가계대출 규제가 강화되는 셈인데요.만약 대출 받아서 집을 사려는 사람이 있다면, 어떻게 하는 게 가장 좋을까요?[앵커]반대로 말하면, 대출 문턱이 높아져 자금 조달이 어려워지는 만큼 부동산 매수 심리도 둔화될 가능성이 있는 거죠.그럼 집값도 좀 떨어질까요?[앵커]어쨌든 정부의 목표는, 가계부채의 급증을 막고, 그 위험성을 줄이겠다는 건데요.그래서 오늘 이례적으로 ‘플랜B’까지 언급했죠.어떤 내용입니까?",앵커 대출 조금 이번 추가 대책 핵심 당초 내년 시행 예정 강화 가계 대출 규제 권혁중 경제 평론가 분석 가계 부채 관리 방안 시행 추가 대책 현재 가계 부채 상황 위험 앵커 당장 대출 필요 수요자 셈법 내년 대출 움직임 앵커 풍선 효과 금융 카드 규제 강화 소득 서민 청년 타격 앵커 대책 부족 취약 계층 불법 사금융 걱정 앵커 내년 가계 대출 규제 강화 대출 사람 앵커 반대 대출 문턱 자금 조달 부동산 매수 심리 둔화 가능 집값 앵커 정부 목표 가계 부채 급증 위험 이례 플랜 언급 내용. 
3,20211026,경제,좁아지는 대출문…‘능력만큼 대출’ 조기 시행,뉴스1,https://news.naver.com/main/read.naver?mode=LSD&mid=sec&sid1=101&oid=056&aid=0011144814,"[앵커]경제 성장 속도는 느려졌지만 가계 빚 증가 속도는 여전히 빠릅니다.결국 갚을 수 있는 능력만큼까지만 돈을 빌릴 수 있도록 가계 대출 규제가 내년부터 더 강화됩니다.대출 규모가 얼마나 줄어들지 조정인 기자가 자세히 전해드립니다.[리포트]가계 빚 추가 대책의 핵심은 갚을 능력에 따라 빌려주겠다는 원칙을 내년 1월부터 강화하겠다는 겁니다.은행의 경우 총 대출액이 2억 원을 넘으면 총부채원리금상환비율, DSR 40%가 무조건 적용됩니다.연봉 5천만 원이라면 1년에 갚아야 하는 원리금을 2천만 원에 맞춰야 한다는 얘깁니다.그렇다면 새로운 규제를 적용해 대출금액이 어떻게 바뀔지 한 번 보겠습니다.규제지역 내 시세 6억 원 아파트를 담보로 대출받는 경우를 가정했습니다.연 소득 5천만 원, 마이너스 통장에 5천만 원을 개설했고, 30년 분할 상환 조건을 가정했습니다.지금은 기본 담보비율 40%를 적용해 6억 원의 40%, 2억 4천만 원까지 빌릴 수 있었지만, 내년부터는 소득 대비 원리금 비율 40%를 적용해 1억 5천만 원 정도만 대출받을 수 있습니다.지금보다 9천만 원 정도 줄어드는 셈입니다.쉽게 말해 앞으로는 지역과 담보와 상관없이 소득만 보고 빌려줄 금액을 결정하겠다는 얘깁니다.풍선효과를 막기 위해 2금융권 규제도 강화됩니다.적용되는 원리금 한도를 연 소득의 60%에서 50%로 낮춰 제한하고 카드론 등 단기대출 상품도 전체 대출 계산에 반영하기로 했습니다.가계부채 건전성을 높이기 위해 전세자금과 신용대출도 일정 부분 나눠서 갚도록 하는 방안이 추진됩니다.[고승범/금융위원장 : ""분할상환 대출구조 확대는 대출 증가 속도를 낮추는 동시에 만기에 집중된 상환위험을 장기간에 걸쳐 분산시켜 외부충격에 대한 대응력을 높일 수 있습니다.""]정부는 이런 규제 강화를 통해 내년 가계 빚 증가율을 4~5% 선에서 유지하기로 했습니다.올해 예상 증가율은 7%대입니다.KBS 뉴스 조정인입니다.촬영기자:김휴동/영상편집:박주연/그래픽:강민수 김지혜",앵커 경제 성장 속도 가계 증가 속도 능력 가계 대출 규제 내년 강화 대출 규모 조정 기자 리포트 가계 추가 대책 핵심 능력 원칙 내년 강화 은행 경우 출액 부채 원리금 상환 비율 적용 연봉 원리금 규제 적용 출금액 규제 지역 시세 아파트 담보 대출 경우 가정 소득 마이너스 통장 개설 분할 상환 조건 가정 기본 담보 비율 적용 내년 소득 대비 원리금 비율 적용 정도 대출 지금 정도 지역 담보 소득 금액 결정 풍선 효과 금융 규제 강화 적용 원리금 한도 소득 제한 카드 단기 대출 상품 전체 대출 계산 반영 가계 부채 건전 전세 자금 신용 대출 일정 부분 방안 추진 고승범 금융 위원장 분할 상환 대출 구조 확대 대출 증가 속도 동시 만기 집중 상환 위험 장기간 분산 외부 충격 대응력 정부 규제 강화 내년 가계 증가 유지 올해 예상 증가 뉴스 조정 촬영 기자 김휴 영상 편집 박주연 그래픽 강민수 김지혜. 
4,20211026,경제,"플라이강원, 내년 1월 국제선 단계적 운항 재개 추진",한국경제TV,https://news.naver.com/main/read.naver?mode=LSD&mid=sec&sid1=101&oid=056&aid=0011144811,"[KBS 강릉]'위드 코로나' 시행을 앞두고 플라이강원이 국제선 운항 재개를 추진합니다.강원도와 플라이강원은 정부가 국제선 운항 재개를 허용하는 내년 1월을 전후해 동남아 국가 신규 취항을 위한 협의를 시작할 예정입니다.이에 따라, 국제선 재개를 위해 양양공항에 검역 지원 시설을 단계적으로 설치하고, 국제선 재개 공항에 양양을 포함시켜 줄 것을 정부에 건의할 계획입니다.",강릉 위드 코로나 시행 플라 이강원 국제선 운항 재개 추진 강원도 플라 이강원 정부 국제선 운항 재개 허용 내년 전후 동남아 국가 신규 취항 협의 시작 예정 국제선 재개 양양 공항 검역 지원 시설 단계 설치 국제선 재개 공항 양양 포함 정부 건의 계획. 
5,20211026,경제,"GM, 미시간 공장 문 다시 연다…11월 조업 재개",KBS,https://news.naver.com/main/read.naver?mode=LSD&mid=sec&sid1=101&oid=215&aid=0000992822,제너럴 모터스(GM)이 미국 미시간주 오리온 조립공장의 생산을 11월부터 2주 간 재개할 예정이다. 오리온 공장은 지난 8월부터 조업을 중단한 곳이다.26일(현지시간) 미국 최대 자동차 회사인 GM은 지난 8월 리콜 차량 14만대 볼트에 대해 배터리 모듈을 교체하고 화재 위험 해결을 위한 작업에 들어갈 것이라고 발표했다.이에 따라 오리온 조립공장은 배터리 생산과 공급망 수리 물류 최적화를 위해 오는 11월 1일부터 한시적으로 생산조업을 시작한다고 밝혔다.,제너럴 모터스 미국 미시간주 오리온 조립 공장 생산 재개 예정 오리온 공장 조업 중단 현지 시간 미국 최대 자동차 회사 리콜 차량 볼트 배터리 모듈 교체 화재 위험 해결 작업 발표 오리온 조립 공장 배터리 생산 공급 수리 물류 최적화 한시 생산 조업 시작. 
6,20211026,경제,"농협, 새로운 양돈분야 축사표준설계도 개발·보급",한국경제TV,https://news.naver.com/main/read.naver?mode=LSD&mid=sec&sid1=101&oid=421&aid=0005682769,"방역기능 강화·ICT 적용 스마트축사© 뉴스1(서울=뉴스1) 나혜윤 기자 = 농협경제지주 축산컨설팅부는 농림축산식품부와 공동으로 개발한 양돈 축사표준설계도를 인쇄·배부한다고 26일 밝혔다.축사표준설계도는 축사시설현대화사업의 일환으로 건축, 축산분야 각계전문가의 자문과 농림축산식품부 축사설계기술자문위원회의 기본설계와 실시설계 심의를 통해 도면을 보완하여 국토교통부의 승인을 받았다.이번에 보급하는 축사표준설계도(양돈)는 모돈 200두 사육규모의 돈사2동(번식돈사, 비육돈사)과 부속동(계류장, 출하실, 전실)으로 도면이 구성되어 있으며, 미래지향적 스마트축사에 필요한 ICT(정보통신 기술) 관련 내용과 질병 예방을 위한 차단방역 및 화재안전 관련 개념이 반영 되어 있다.김태환 농협축산경제대표이사는 ""표준설계도를 양돈농가에서 활용 하면 설계비 절감, 인허가 절차 간소화도 가능하게 되며 첨단 ICT장비 적용을 용이하게 하는 등 다양한 혜택을 누릴 수 있을 것으로 예상된다""고 밝혔다.양돈분야 축사표준설계도는 시·군(축산과 및 건축과), 농업기술센터, 지역축협을 비롯한 생산자단체(한돈협회) 등에 배부되며, 양돈농가는 농협축산정보센터 자료실에서 새로운 축사표준설계도를 10월말 부터 이용할 수 있다.",방역 기능 강화 적용 스마트 축사 뉴스 서울 뉴스 혜윤 기자 농협 경제 지주 축산 컨설팅 농림 축산 식품 공동 개발 양돈 축사 표준 설계도 인쇄 배부 축사 표준 설계도 축사 시설 현대 사업 일환 건축 축산 분야 각계 전문가 자문 농림 축산 식품 축사 설계 기술 자문 위원회 기본 설계 실시 설계 심의 도면 보완 국토 교통부 승인 이번 보급 축사 표준 설계 양돈 규모 돈사 번식 돈사 비육돈 부속 계류장 출하 전실 도면 구성 미래 지향 스마트 축사 필요 정보 통신 기술 관련 내용 질병 예방 차단 방역 화재 안전 관련 개념 반영 김태환 농협 축산 경제 대표 이사 표준 설계도 양돈 농가 활용 설계 절감 인허 절차 가능 첨단 장비 적용 다양 혜택 예상 양돈 분야 축사 표준 설계도 축산 건축 농업기술센터 지역 축협 생산자 단체 협회 배부 양돈 농가 농협 축산 정보 센터 자료실 축사 표준 설계도 이용. 
7,20211026,경제,美 10월 소비자신뢰지수 113.8…예상 웃돌아,YTN,https://news.naver.com/main/read.naver?mode=LSD&mid=sec&sid1=101&oid=421&aid=0005682768,"미국 뉴욕 애플스토어. (자료사진) © AFP=뉴스1(서울=뉴스1) 박병진 기자 = 미국의 10월 소비자신뢰지수가 전달 수치와 예상치를 모두 웃돌아 소비 심리가 회복되고 있음을 시사했다.콘퍼런스보드는 26일(현지시간) 10월 소비자신뢰지수가 113.8로 집계됐다고 밝혔다.9월 수치는 109.3에서 109.8로 상향 조정됐다.10월 수치는 로이터통신이 집계한 전문가 예상치인 108.3을 웃돌았다.10월 현재 여건 지수는 전월 수정치인 144.3에서 147.4로 상승했다. 10월 기대지수는 전월 86.7에서 91.3으로 올랐다.현재 여건 지수는 현재의 비즈니스 및 고용 상황에 대한 소비자들의 평가를 반영하며, 기대지수는 소득과 비즈니스, 고용 상황에 대한 단기 전망을 보여준다.린 프랑코 콘퍼런스보드 경제지표 부분 선임 디렉터는 ""델타 변이 바이러스 확산 우려가 완화되면서 10월 소비자신뢰지수가 개선돼 3개월 만에 하락세를 끝냈다""고 말했다.그는 ""단기 인플레이션 우려는 13년 만에 최고치로 상승했지만 신뢰지수에 대한 영향은 잠잠해졌다""며 ""10월에 주택, 자동차, 주요 가전제품을 구매할 계획인 소비자의 비율이 모두 증가했는데, 이는 소비자 지출이 2021년 마지막 달까지 경제 성장을 지탱할 것이라는 신호""라고 예측했다.그는 ""마찬가지로 응답자의 거의 절반(47.6%)이 향후 6개월 이내에 휴가를 낼 의사가 있다고 답했는데, 이는 현재 진행 중인 소비자들의 여행 및 직접 서비스 지출 의향이 다시 살아나고 있음을 반영한다""고 덧붙였다.",미국 뉴욕 애플 스토어 자료 사진 뉴스 서울 뉴스 박병진 기자 미국 소비자 신뢰 지수 전달 수치 예상 소비 심리 회복 시사 콘퍼런스 보드 현지 시간 소비자 신뢰 지수 집계 수치 상향 조정 수치 로이터 통신 집계 전문가 예상 여건 지수 전월 수정 상승 기대 지수 전월 여건 지수 현재 비즈니스 고용 상황 소비자 평가 반영 기대 지수 소득 비즈니스 고용 상황 단기 전망 프랑코 콘퍼런스 보드 경제 지표 부분 선임 디렉터 델타 변이 바이러스 확산 우려 완화 소비자 신뢰 지수 개선 하락세 단기 인플레이션 우려 최고 상승 신뢰 지수 영향 주택 자동차 주요 가전제품 구매 계획 소비자 비율 증가 소비자 지출 마지막 경제 성장 지탱 신호 예측 마찬가지 응답자 절반 향후 이내 휴가 의사 진행 소비자 여행 서비스 지출 반영. 
8,20211026,경제,울산지역 코로나 상생 지원금 99% 지급 완료,YTN,https://news.naver.com/main/read.naver?mode=LSD&mid=sec&sid1=101&oid=056&aid=0011144800,"[KBS 울산]지난 달부터 지급된 코로나 상생 국민지원금이 울산에서 99% 지급 완료됐습니다.울산시는 아직 신청 대상자의 1%인 9천여 명의 시민들이 신청하지 않았다며, 오는 29일까지 반드시 신청해 연말까지 사용해 달라고 당부했습니다.한편, 울산에 접수된 이의 신청은 7천 8백여 건으로, 이중 절반 이상이 인용돼 지급 처리됐습니다.",울산 지급 코로나 상생 국민 지원금 울산 지급 완료 울산시 신청 대상자 시민 신청 신청 연말 사용 당부 울산 접수 신청 이중 절반 이상 인용 지급 처리. 
9,20211026,경제,"제약사 일라이릴리, 3분기 호조에 주당순이익 전망 상향…7.8~8.0달러→7.95달러~8.05달러",연합뉴스,https://news.naver.com/main/read.naver?mode=LSD&mid=sec&sid1=101&oid=215&aid=0000992820,"제약업체 일라이릴리가 3분기 실적 호조에 힘입어 주당순이익 전망을 당초 7.8~8.0달러에서 7.95~8.05달러로 상향했다.26일(현지시간) 일라이릴리는 지난 3개월 간 코로나 백신 접종률이 낮은 지역에서 감염과 입원이 급증하며, 자사의 코로나19 항체 치료제 밤라니비맙(bamlanivimab)과 에테세비맙(etesevimab) 등 수요가 폭증했다고 밝혔다.일라이릴리에 따르면 3분기 치료제 판매량은 2억1,700만달러 규모로 지난 2분기 1억4,900만달러와 비교해 급증했다.일라이릴리는 올해 코로나 치료제로 당초 예상치 10억달러에서 13억달러로 매출 상승을 예상했다.일라이릴리 주가 상승을 예상하는 애널리스트들은 승인 대기중인 알츠하이머 신약 출시에 주목하고 있다. 올해 일라이릴리의 주가는 약 45% 상승했다.현재 주가는 240달러 수준으로, 알츠하이머 신약이 판매량에 대한 우려와 신약 가격에 대한 압박, 코로나 치료제 판매 영향 여부 등의 불확실성으로 8월 중순 고점에 비해 12% 가량 하락했다.",제약 업체 일라이 릴리 분기 실적 호조 주당 순이익 전망 당초 상향 현지 시간 일라이 릴리 코로나 백신 접종 지역 감염 입원 급증 자사 코로나 항체 치료제 에테 세비 수요 일라이 릴리 분기 치료제 판매량 규모 분기 비교 급증 일라이 릴리 올해 코로나 치료제 당초 예상 매출 상승 예상 일라이 릴리 주가 상승 예상 애널리스트 승인 대기 알츠하이머 신약 출시 주목 올해 일라이 릴리 주가 상승 주가 수준 알츠하이머 신약 판매량 우려 신약 가격 압박 코로나 치료제 판매 영향 여부 중순 고점 가량 하락. 
10,20211026,경제,3분기 울산 땅값 상승률 0.52%…전국 최하위,KBS,https://news.naver.com/main/read.naver?mode=LSD&mid=sec&sid1=101&oid=056&aid=0011144796,"[KBS 울산]올해 3분기 울산의 땅값 상승률이 전국에서 가장 낮은 것으로 나타났습니다.국토교통부와 한국부동산원에 따르면 올해 3분기 울산의 토지 가격은 전분기 대비 0.52% 올랐습니다.이는 전국 평균인 1.07%의 절반 수준으로, 17개 시·도 가운데 가장 낮은 상승률입니다.부동산업계는 신규 택지 개발이 다른 지역에 비해 상대적으로 부진하면서 토지 수요가 감소했기 때문으로 분석했습니다.",울산 올해 분기 울산 땅값 상승 전국 국토 교통부 한국 부동 산원 올해 분기 울산 토지 가격 분기 대비 전국 평균 절반 수준 가운데 상승 부동산업 신규 택지 개발 지역 상대 부진 토지 수요 감소 분석. 
11,20211026,경제,울산 아파트값 ‘쑥쑥’…1년 새 매매·전세 29%↑,KBS,https://news.naver.com/main/read.naver?mode=LSD&mid=sec&sid1=101&oid=056&aid=0011144795,"[KBS 울산] [앵커]울산의 아파트 평균 매매가격이 일년 새 7천만 원, 전세가격은 5천만 원씩 오른 것으로 나타났습니다.매매가격 상승률은 남구, 전세가격 상승률은 북구가 가장 높았습니다.이현진 기자의 보도입니다.[리포트]정부의 부동산 규제 강화에도 불구하고 울산의 아파트값 상승세가 계속되고 있습니다.한국부동산원에 따르면 지난달 울산의 아파트 평균 매매가격은 일년 전보다 7천 2백만 원 오른 3억 2천 2백만 원, 평균 전세가격은 5천 2백만 원 상승한 2억 2천 8백만 원을 기록했습니다.구군별 매매가격의 경우 남구가 전년 동월 대비 41.9%나 오르며 평균 매매가격이 4억 3천만 원을 돌파했습니다.전세가격 역시 남구가 가장 높았지만 상승률은 북구가 54.9%로 가장 많이 올랐습니다.울산의 아파트값이 계속 오르는 것은 올해 입주 물량이 천여 세대, 내년에도 2천여 세대에 불과할 정도로 신규 공급이 부족하기 때문입니다.[이영래/부동산서베이 대표 : ""전세 수요들이 집을 찾기가 어려운 부분이 있는 상태이기 때문에 전세가격이 오르면서 집값 상승세는 한동안 지속 될 가능성이 높습니다.""]또 내년 대선 등을 앞두고 주택 공급을 늘리기 위해 정부가 재건축.재개발 규제 등을 완화할 수 밖에 없을 것이라는 기대감도 작용하고 있다는 분석입니다.전문가들은 이와 함께 조정대상지역에 포함되지 않거나 저가 소형주택 등 규제가 덜한 틈새시장 역시 당분간 강세가 지속될 것으로 전망했습니다.KBS 뉴스 이현진입니다.촬영기자:김용삼",울산 앵커 울산 아파트 평균 매매 가격 전세 가격 매매 가격 상승 전세 가격 상승 북구 이현진 기자 보도 리포트 정부 부동산 규제 강화 울산 아파트 상승세 한국 부동 산원 지난달 울산 아파트 평균 매매 가격 평균 전세 가격 상승 기록 구군 매매 가격 경우 남구 전년 동월 대비 평균 매매 가격 돌파 전세 가격 남구 상승 북구 울산 아파트 올해 입주 물량 세대 내년 세대 정도 신규 공급 부족 이영래 부동산 서베이 대표 전세 수요 부분 상태 전세 가격 집값 상승세 한동안 지속 가능 내년 대선 주택 공급 정부 건축 개발 규제 완화 기대감 작용 분석 전문가 조정 대상 지역 포함 소형 주택 규제 틈새시장 강세 지속 전망 뉴스 이현진 촬영 기자 김용삼. 
12,20211026,경제,"美 스포츠베팅업체 드래프트킹스, 英 도박업체 엔테인 인수 포기",한국경제TV,https://news.naver.com/main/read.naver?mode=LSD&mid=sec&sid1=101&oid=215&aid=0000992819,"미국 스포츠베팅업체 드래프트킹스(DraftKings)가 영국 도박업체 엔테인(Entain)의 인수를 포기했다.26일(현지시간) 로이터 통신에 따르면 드래프트킹스는 약 26조 1400억 원(224억 달러) 규모의 엔테인 인수 추진 계획을 포기한다고 밝혔다.제이슨 로빈스 드래프트킹스 최고경영자(CEO)는 ""드래프트킹스는 엔테인 경영진과의 논의 끝에, 엔테인을 인수하는 제안을 철회하기로 결정했다""고 설명했다.드래프트킹스는 나스닥에, 엔테인은 런던증권거래소에 상장되어 있다.",미국 스포츠 업체 드래프트 킹스 영국 도박 업체 인수 포기 현지 시간 로이터 통신 드래프트 킹스 규모 인수 추진 계획 포기 제이슨 로빈스 드래프트 킹스 최고 경영자 드래프트 킹스 경영진 논의 인수 제안 철회 결정 설명 드래프트 킹스 나스닥 테인 런던 증권 거래소 상장. 
13,20211026,경제,"GE, 제트사업 호조에 주당순이익 전망 상향…1.2~2.0달러→1.8~2.1달러",뉴스1,https://news.naver.com/main/read.naver?mode=LSD&mid=sec&sid1=101&oid=215&aid=0000992818,"제너럴일렉트릭(GE)은 제트사업 호조에 주당순이익 전망을 당초 1.2~2.0달러에서 1.8~2.1달러로 상향했다.26일(현지시간) 로이터통신에 따르면 GE는 이날 3분기 호실적 발표와 함께 많은 현금(FCF)을 확보했는데 전년의 5억1,400만달러에서 올해는 17억달러로 3배 가량 늘었다고 발표했다.그러면서 GE는 ""글로벌 공급망 붕괴와 회복의 늦어짐과 그리고 조 바이든 미 대통령의 인프라법안에 기업들의 미국내 재투자에 대한 생산세 공제 확대 여부가 아직은 불확실해 여전히 운영 환경이 어려운 건 마찬가지""라고 밝혔다.이는 GE 역시 다른 제조업체들과 마찬가지로 인력난과 반도체 칩과 레진(합성수지) 같은 원자재 부족과 재고 확보에 어려움을 겪고 있어 올 연말 생산 차질이 다음해에도 이어지지 않도록 동분서주하고 있다.",제너럴 일렉트릭 제트 사업 호조 주당 순이익 전망 당초 상향 현지 시간 로이터 통신 이날 분기 호실 발표 현금 확보 전년 올해 가량 발표 글로벌 공급 붕괴 회복 바이든 대통령 인프라 법안 기업 미국 투자 생산 공제 확대 여부 운영 환경 마찬가지 제조 업체 마찬가지 인력난 반도체 레진 합성수지 원자재 부족 재고 확보 어려움 연말 생산 차질 다음 동분서주. 
14,20211026,경제,"3M ""3분기 호실적 불구 원자재價 폭등 여파 4분기 수익 악화 예상""",한국경제TV,https://news.naver.com/main/read.naver?mode=LSD&mid=sec&sid1=101&oid=215&aid=0000992817,"산업기업 3M이 3분기 호실적에도 불구하고 공급망 회복 지체와 원자재 가격 폭등 등의 여파로 4분기 수익이 악화를 보일 것으로 전망했다.26일(현지시간) 로이터통신에 따르면 3M은 글로벌 경제 회복의 과정으로 대규모 경기 부양과 경제 재개로 상품 수요가 급등하고 있지만, 노동력 부족과 비용 상승 그리고 원자재 가격 급등의 요인으로 생산에 어려움을 겪으며 연간 수익 전망치를 하향 조정했다.3M은 연간 매출이 당초 전년 대비 7%-10% 성장률을 예상했지만 시장 수요는 가파르게 올라 9%-10%의 성장으로 전망하며, 주당 순이익은 9.70달러에서 9.90달러에서 결정될 것으로 보고있다.3M의 3분기 순매출액은 7.1% 증가한 89억4천만달러를 기록하며, 애널리스트들의 예상한 86억7천만 달러를 넘었다.",산업 기업 분기 호실 공급 회복 지체 원자재 가격 폭등 여파 분기 수익 악화 전망 현지 시간 로이터 통신 글로벌 경제 회복 과정 규모 경기 부양 경제 재개 상품 수요 급등 노동력 부족 비용 상승 원자재 가격 급등 요인 생산 어려움 연간 수익 전망 하향 조정 연간 매출 당초 전년 대비 성장 예상 시장 수요 성장 전망 주당 순이익 결정 분기 매출액 증가 기록 애널리스트 예상. 
15,20211026,경제,10명 중 4명은 비정규직 '역대 최대'...임금 격차도 157만 원,KBS,https://news.naver.com/main/read.naver?mode=LSD&mid=sec&sid1=101&oid=052&aid=0001657422,"동영상 뉴스[앵커]전체 임금 노동자 가운데 비정규직 비중이 40%에 달한 것으로 나타났습니다.비정규직 수는 8백만 명을 넘어 역대 최대를 기록했고, 정규직과 임금 격차도 한 달 157만 원으로 가장 큰 폭으로 벌어졌습니다.보도에 박홍구 기자입니다.[기자]비정규직 노동자가 1년 새 64만 명 늘어 806만6천 명으로 집계됐습니다.전체 임금 노동자 2천99만 명 가운데 38.4%가 비정규직입니다.비정규직 노동자가 8백만 명을 넘은 것은 관련 통계가 작성된 2003년 이래 처음입니다.특히 지난 1년 동안은 노인 일자리 사업과 돌봄 사업 등이 관련된 보건 복지와 교육 서비스 분야에서 30만 명 이상 비정규직이 늘었습니다.연령 별로 보면 60세 이상이 27만 명으로 가장 많이 증가했습니다.통계청은 자발적으로 비정규직을 택한 경우도 많기 때문에 고용의 질이 낮아졌다고 단정하기는 어렵다고 설명했습니다.[김경희 / 통계청 고용통계과장 : 고용의 질은 비정규직 규모만으로는 설명할 수 없고요. 자발적 사유로 비정규직을 선택한 비율이 전년 동월 대비 증가하였거나, 아니면 전 국민 고용보험 추진에 따라 특수형태 근로자의 고용보험 가입률이 많이 증가하였습니다.]비정규직과 정규직 간 임금 격차는 역대 가장 큰 폭으로 벌어졌습니다.올해 6월~8월까지 비정규직 노동자의 월 평균 임금은 176만9천 원인데 비해 정규직은 333만6천 원으로 차이가 156만7천 원에 달했습니다.격차가 지난해보다도 4만4천 원 늘었습니다.복지 측면에서도 차이가 뚜렷해, 유급휴일에서 비정규직은 35%만 대상인 반면, 정규직은 10명 중 8명 이상이 혜택을 누렸습니다.상여금도 비정규직은 35%만 받았으나 정규직은 86%가 대상이었습니다.YTN 박홍구입니다.",동영상 뉴스 앵커 전체 임금 노동자 가운데 비정규직 비중 비정규직 역대 최대 기록 정규직 임금 격차 보도 박홍구 기자 기자 비정규직 노동자 집계 전체 임금 노동자 가운데 비정규직 비정규직 노동자 관련 통계 작성 처음 동안 노인 일자리 사업 사업 관련 보건 복지 교육 서비스 분야 이상 비정규직 연령 이상 증가 통계청 자발 비정규직 경우 고용 단정 설명 김경희 통계청 고용 통계 과장 고용 비정규직 규모 설명 자발 사유 비정규직 선택 비율 전년 동월 대비 증가 국민 고용 보험 추진 특수 형태 근로자 고용 보험 가입 증가 비정규직 정규직 임금 격차 역대 올해 비정규직 노동자 평균 임금 정규직 차이 격차 지난해 복지 측면 차이 유급 휴일 비정규직 대상 반면 정규직 이상 혜택 상여금 비정규직 정규직 대상 박홍구. 
16,20211026,경제,"폭증하는 가계부채에 '칼'...""갚을 만큼만 빌려라""",한국경제TV,https://news.naver.com/main/read.naver?mode=LSD&mid=sec&sid1=101&oid=052&aid=0001657421,"동영상 뉴스가계부채, GDP의 104.2%…""경제 규모보다 커""금융위, 가계부채 관리 대책 발표…'돈줄' 조인다제2 금융권도 DSR 강화…대출 '풍선효과' 차단전세대출 제외 등 실수요자 보호 대책도 마련[앵커]1,800조 원이 넘는 가계대출이 우리 경제의 시한폭탄이 될 수 있다는 우려 속에 정부가 강도 높은 관리 대책을 내놨습니다.대출 한도를 대폭 줄여 갚을 능력 안에서 돈을 빌릴 수 있도록 하겠다는 건데요,실수요자들에겐 사실상 '대출 한파'가 찾아올 전망입니다.조태현 기자가 보도합니다.[기자]우리 경제를 위협하는 요인 가운데 첫 손으로 꼽히는 건 다름 아닌 가계부채입니다.지난해 이미 국내 총생산, GDP 규모마저 넘어섰습니다.가계 빚이 국가 경제의 전체 규모보다 크다는 뜻입니다.코로나19 사태에 집값 폭등까지 겹치면서 정부의 대출 관리 압박도 큰 효과를 보지 못하는 상황입니다.지난 9월에도 1·2금융권의 가계 대출은 8조 원 가까이 증가했습니다.1,800조 원이 넘는 가계 빚이 조만간 터질 시한폭탄이라는 우려가 커지자 결국, 정부가 칼을 빼 들었습니다.대출 한도를 계산할 때 모든 부채를 포함하는 총부채원리금상환비율, DSR 규제의 확대 적용 시점을 앞당기기로 한 겁니다.이에 따라 내년 1월부턴 모든 은행빚이 2억 원이 넘으면 DSR 40% 규제를 받게 됩니다.1년 기준으로 원리금 상환 한도가 총수입의 40%를 넘을 수 없다는 뜻입니다.DSR를 계산할 때 적용하는 대출 만기도 줄입니다.신용대출은 7년에서 5년으로 감소하는데, 1년에 갚아야 할 원금이 늘어나는 효과가 생깁니다.결국, 대출 한도를 대폭 줄이는 겁니다.[고승범 / 금융위원장 : 갚을 수 있는 만큼만 대출받고 처음부터 조금씩 나누어 갚아 나간다는 것은 금융의 기본원칙이자, 가계부채 관리의 출발점입니다.]2금융권으로 대출 수요가 옮겨가는 '풍선효과'도 차단합니다.저축은행과 카드, 캐피탈 회사 등의 DSR를 강화하고, 카드론도 포함하기로 했습니다.다만 서민이 대부업이나 불법 사금융으로 내몰리지 않도록 DSR 기준을 은행보단 완화해서 적용하고,300만 원 이하인 소액 신용대출은 제외한다는 방침입니다.또, 실수요자 보호를 위해 전세대출은 당분간 규제 강화 대상에서 빼기로 했습니다.YTN 조태현입니다.",동영상 뉴스 가계 부채 경제 규모 금융 가계 부채 관리 대책 발표 돈줄 금융 강화 대출 풍선 효과 차단 전세 대출 제외 실수요자 보호 대책 마련 앵커 가계 대출 경제 시한폭탄 우려 정부 관리 대책 대출 한도 능력 실수요자 대출 한파 전망 조태현 기자 보도 기자 경제 위협 요인 가운데 가계 부채 지난해 국내 총생산 규모 가계 국가 경제 전체 규모 코로나 사태 집값 폭등 정부 대출 관리 압박 효과 상황 금융 가계 대출 증가 가계 시한폭탄 우려 결국 정부 대출 한도 계산 부채 포함 부채 원리금 상환 비율 규제 확대 적용 시점 내년 은행 규제 기준 원리금 상환 한도 총수입 계산 적용 대출 신용 대출 감소 원금 효과 대출 한도 고승범 금융 위원장 대출 처음 금융 기본 원칙 가계 부채 관리 출발점 금융 대출 수요 풍선 효과 차단 저축 은행 카드 캐피탈 회사 강화 카드 포함 서민 부업 불법 사금융 기준 은행 완화 적용 이하 소액 신용 대출 제외 방침 실수요자 보호 전세 대출 규제 강화 대상 조태현. 
17,20211026,경제,3분기 경제성장률 0.3%...연간 4% 성장 목표 '빨간불',YTN,https://news.naver.com/main/read.naver?mode=LSD&mid=sec&sid1=101&oid=052&aid=0001657420,"동영상 뉴스[앵커]코로나19 장기화에 따른 투자와 민간 소비 감소로 인해 지난 3분기 경제성장률이 0.3%에 그쳤습니다.이에 따라 정부가 목표했던 연간 4% 성장에 빨간불이 켜졌다는 평가가 나오고 있습니다.박병한 기자가 보도합니다.[기자]코로나19 4차 유행과 세계적인 공급 병목 문제 등으로 3분기 실질 국내총생산 GDP 성장률이 0.3%에 그쳤습니다.GDP 분기별 성장률은 코로나19 발생과 함께 작년 1분기에 -1.3%, 2분기 -3.2%를 기록한 뒤 3분기 2.2%, 4분기 1.1%로 상승했습니다.올해도 1분기 1.7%, 2분기 0.8%, 3분기 0.3%까지 5분기 연속 성장세를 유지했습니다.하지만 올해 들어 성장률이 절반으로 축소하고 있는 것이 특징입니다.앞서 한국은행은 3분기와 4분기에 0.6% 정도씩 성장하면 올해 4.0% 성장을 기록할 것으로 전망했지만, 3분기 성장률이 목표의 절반에 그친 것입니다.최근 국제유가 등 원자재 가격 급등과 세계적 수준의 공급망 병목 현상, 또 중국발 리스크 등 다양한 위험이 있어 목표 달성이 쉽지 않을 것으로 보입니다.하지만 한국은행은 4분기에 1.04% 이상의 성장을 이루면 목표 달성이 가능하다고 보고 '점진적 일상회복' 등에 기대를 걸고 있습니다.[황상필 / 한국은행 경제통계국장 : 백신 접종 확대, 국내 방역정책 전환, 2차 추경 효과 등이 긍정적 요인으로 작용하면서 앞으로 우리 경제 회복세는 이어질 전망입니다.]3분기 우리 경제를 부문별로 보면, 민간소비가 0.3% 감소했고 설비투자와 건설투자도 각각 2.3%, 3.0% 줄었습니다.수출은 석탄·석유제품, 기계·장비 등을 중심으로 1.5% 증가했지만, 수입은 운송장비 등이 줄면서 0.6% 감소했습니다.실질 국내총소득 GDI 증가율은 교역 조건이 2분기와 비슷한 수준을 유지하면서 0.3%로 집계됐습니다.YTN 박병한입니다.",동영상 뉴스 앵커 코로나 장기 투자 민간 소비 감소 분기 경제 성장 정부 목표 연간 성장 평가 박병 기자 보도 기자 코로나 유행 세계 공급 병목 문제 분기 실질 국내 총생산 성장 분기 성장 코로나 발생 작년 분기 분기 기록 분기 분기 상승 올해 분기 분기 분기 분기 연속 성장세 유지 올해 성장 절반 축소 특징 한국은행 분기 분기 정도 성장 올해 성장 기록 전망 분기 성장 목표 절반 최근 국제 유가 원자재 가격 급등 세계 수준 공급 병목 현상 중국 리스크 다양 위험 목표 달성 한국은행 분기 이상 성장 목표 달성 가능 점진 일상 회복 기대 황상필 한국은행 경제 통계 국장 백신 접종 확대 국내 방역 정책 전환 추경 효과 긍정 요인 작용 경제 회복세 전망 분기 경제 부문 민간 소비 감소 설비 투자 건설 투자 수출 석탄 석유 제품 기계 장비 중심 증가 수입 운송 장비 감소 실질 국내 총소득 증가 교역 조건 분기 수준 유지 집계 박병. 
18,20211026,경제,테슬라 주가 또 신고점 경신…장중 1100달러 육박,YTN,https://news.naver.com/main/read.naver?mode=LSD&mid=sec&sid1=101&oid=018&aid=0005070742,"테슬라 주가 장중 1077달러 상승…신고점 또 경신일론 머스크 테슬라 최고경영자(CEO). (사진=AFP 제공)[뉴욕=이데일리 김정남 특파원] 미국 전기차업체 테슬라의 주가가 또 신고점을 경신했다.26일(현지시간) 마켓포인트에 따르면 이날 나스닥에 상장된 테슬라 주가는 전거래일 대비 4.48% 폭등한 주당 1070.73달러에 거래되고 있다. 장중 1077.00달러까지 치솟았다. 테슬라 주가는 장 시작과 함께 고공행진을 시작해 전날 기록한 장중 최고가(1045.02달러)를 단박에 뛰어넘었다.테슬라 주가는 올해 3분기 사상 최대 실적을 발표한 지난 20일 장 마감 이후부터 상승하기 시작했다. 20일 865.80달러에 거래를 마친 이후 894.00달러(21일)→909.68달러(22일)→1024.86달러(25일)로 차례로 급등했고, 이날은 장중 1100달러에 육박했다.주가가 치솟으면서 테슬라의 시가총액도 불어났다. 시총 분석 사이트 컴퍼니스마켓캡에 따르면 이날 테슬라의 시총 규모는 1조710억달러를 기록하고 있다. 전 세계 기업 중 6위다.",테슬라 주가 장중 상승 신고 경신 머스크 테슬라 최고 경영자 사진 제공 뉴욕 데일리 김정남 특파원 미국 전기차 업체 테슬라 주가 신고 경신 현지 시간 마켓 포인트 이날 나스닥 상장 테슬라 주가 거래일 대비 폭등 주당 거래 장중 테슬라 주가 시작 고공 행진 시작 전날 기록 장중 최고 단박 테슬라 주가 올해 분기 사상 최대 실적 발표 마감 이후 상승 시작 거래 이후 차례 급등 이날 장중 육박 주가 테슬라 시가총액 분석 사이트 퍼니스 마켓 이날 테슬라 규모 기록 세계 기업. 
19,20211026,경제,"뉴욕증시, 긍정적인 기업 실적에 상승 출발",이데일리,https://news.naver.com/main/read.naver?mode=LSD&mid=sec&sid1=101&oid=001&aid=0012749145,"(뉴욕=연합뉴스) 윤영숙 연합인포맥스 특파원 = 뉴욕증시는 대형 기술 기업들의 실적 발표를 앞두고 긍정적인 실적이 잇달아 발표되며 상승했다.26일(미 동부시간) 오전 9시 58분 현재 뉴욕증권거래소(NYSE)에서 다우존스30산업평균지수는 전장보다 77.28포인트(0.22%) 오른 35,818.43을 기록했다.스탠더드앤드푸어스(S&P)500지수는 전장보다 21.26포인트(0.47%) 상승한 4,587.74를, 기술주 중심의 나스닥지수는 전장보다 100.09포인트(0.66%) 뛴 15,326.79를 나타냈다.투자자들은 이날 발표되는 구글 모기업 알파벳, 마이크로소프트, 트위터 등 대형 IT 기업들의 실적 발표를 주시하고 있다. 로빈후드와 AMD, 비자의 실적도 이날 장 마감 후 발표될 예정이다.지금까지 나온 기업들의 실적은 대체로 긍정적이다.제너럴일렉트릭(GE)은 예상치를 웃돈 순익을 발표하고 올해 전체 순익 예상치(가이던스)를 상회했다는 소식에 주가는 4% 이상 상승했다.전날 시가총액 1조달러와 주가 1천달러를 각각 돌파했던 테슬라 주가는 이날도 3% 이상 상승 중이다.UPS의 주가는 3분기 강한 매출과 순익을 발표한 이후 7% 이상 올랐다.페이스북의 주가는 전날 장 마감후 발표한 매출이 예상치를 밑돌았다는 소식에 1% 이상 하락 중이다.이날 발표된 주택 지표는 주택 가격이 둔화하기 시작했음을 시사했다.S&P 코어로직 케이스-실러가 집계한 계절 조정 8월 전미 주택가격지수는 연율로 19.8% 상승해 사상 최고치인 전달과 같은 수준을 유지했다.그러나 20개 도시 주택가격지수는 연율로 19.7% 올라 전월의 20.0% 상승을 밑돌았다. 월스트리트저널(WSJ)이 집계한 전문가 예상치인 19.8% 상승도 밑돌았을 뿐만 아니라 14개월만에 상승률이 둔화했다.크레이그 라자라 S&P 다우존스지수 매니징 디렉터는 ""8월 지표는 주택 가격 상승률이 여전히 매우 강하지만 둔화하기 시작했다는 점을 시사한다""고 평가했다.한편, 중국 당대부동산(Modern land China·當代置業)이 이날 만기 도래한 2억5천만 달러(약 2천917억 원)어치의 달러화 표시 채권을 상환하지 못했다는 소식도 나왔다.회사는 거시 경제 환경과 부동산 산업 환경, 코로나19 팬데믹 등의 요인에 따른 예상치 못한 자금 경색으로 채권 상환을 하지 못했다고 밝혔다.업종별로 헬스 관련주를 제외한 10개 섹터가 모두 상승 중이다. 임의소비재, 기술, 에너지 관련주가 상승을 주도하고 있다.뉴욕증시 전문가들은 지표가 긍정적으로 나오고 있고, 실적도 좋아 분위기는 매우 좋은 상황이라고 전했다.CIBC 프라이빗 웰스의 데이비드 도나베디언 최고투자책임자(CIO)는 월스트리트저널에 ""코로나19 수치가 최고조에 달했고, 경제 지표가 상당히 양호하며, 초기에 나온 3분기 실적도 긍정적이다""라고 말했다.LPL 파이낸셜의 리안 데트릭 수석 시장 전략가는 CNBC에 어닝시즌이 매우 강한 출발을 보였으나 주가 강세가 유지되려면 기술 기업들의 실적이 현 주가 수준을 정당화할 수 있을 정도로 인상적일 필요가 있다고 지적했다.유럽증시는 상승했다.독일 DAX지수는 1.04%가량 올랐고, 영국 FTSE100지수는 0.66% 상승했다. 범유럽 지수인 STOXX600지수는 0.62%가량 오르고 있다.국제유가는 상승 중이다.12월물 서부텍사스산원유(WTI) 가격은 전장보다 0.06% 오른 배럴당 83.80달러에, 12월물 브렌트유 가격은 0.12% 오른 배럴당 86.09달러에 거래됐다.ysyoon@yna.co.kr",뉴욕 연합뉴스 윤영숙 연합 인포 맥스 특파원 뉴욕 증시 대형 기술 기업 실적 발표 긍정 실적 발표 상승 동부 시간 오전 뉴욕 증권거래소 다우존스 산업 평균 지수 전장 포인트 기록 스탠더드 앤드 어스 지수 전장 포인트 상승 기술 중심 나스닥 지수 전장 포인트 투자자 이날 발표 구글 모기업 알파벳 마이크 소프트 트위터 대형 기업 실적 발표 주시 로빈 후드 비자 실적 이날 마감 발표 예정 지금 기업 실적 긍정 제너럴 일렉트릭 예상 웃돈 순익 발표 올해 전체 순익 예상 가이던스 상회 소식 주가 이상 상승 전날 시가총액 주가 돌파 테슬라 주가 이날 이상 상승 주가 분기 매출 순익 발표 이후 이상 페이스북 주가 전날 마감 발표 매출 예상 소식 이상 하락 이날 발표 주택 지표 주택 가격 둔화 시작 시사 코어 로직 케이스 실러 집계 계절 조정 전미 주택 가격 지수 상승 사상 최고 전달 수준 유지 도시 주택 가격 지수 전월 상승 월스트리트 저널 집계 전문가 예상 상승 상승 둔화 크레이그 라자라 다우존스 지수 매니 디렉터 지표 주택 가격 상승 둔화 시작 시사 평가 중국 당대 부동산 이날 도래 어치 달러화 표시 채권 상환 소식 회사 거시 경제 환경 부동산 산업 환경 코로나 요인 예상 자금 경색 채권 상환 업종 헬스 관련 제외 섹터 상승 임의 소비재 기술 에너지 관련 주가 상승 주도 뉴욕 증시 전문가 지표 긍정 실적 분위기 상황 프라이빗 웰스 데이비드 나베 디언 최고 투자 책임자 월스트리트 저널 코로나 수치 최고조 경제 지표 양호 초기 분기 실적 긍정 파이낸셜 리안 트릭 수석 시장 전략가 시즌 출발 주가 강세 유지 기술 기업 실적 주가 수준 정당 정도 인상 필요 지적 유럽 증시 상승 독일 지수 가량 영국 지수 상승 범유럽 지수 지수 가량 국제 유가 상승 서부 텍사스 원유 가격 전장 배럴 브렌트 가격 배럴 거래. 
